{
"lengthUnit": "mil",
"components": {
	"fields": ["COMPONENT_NO", "COMPONENT_NAME", "LAYER", "X_COORDINATE", "Y_COORDINATE", "ANGLE"],
	"rows": [
		[1, "C23", "T", 1782.81, 1385.85, 0],
		[2, "C24", "T", 1805, 1445, 270],
		[3, "C25", "T", 2515, 1485, 90],
		[4, "C26", "T", 2225.69, 1315.24, 0],
		[5, "C27", "T", 2045, 1540, 0],
		[6, "C28", "T", 575.4, 434.06, 180],
		[7, "C29", "T", 400.7, 180.81, 0],
		[8, "C30", "T", 507.65, 70.41, 0],
		[9, "C31", "T", 703, 75.41, 0],
		[10, "C32", "T", 1555, 1890, 90],
		[11, "C33", "T", 1959.25, 1439.63, 0],
		[12, "C34", "T", 775, 425, 180],
		[13, "C35", "T", 790, 1135, 0],
		[14, "C38", "T", 1884.99, 722.21, 90],
		[15, "C45", "T", 2873.97, 1648.41, 0],
		[16, "C46", "T", 2865, 926.99, 180],
		[17, "C59", "T", 1418.25, 811.73, 180],
		[18, "C60", "T", 2082.35, 981.37, 0],
		[19, "C61", "T", 2106.27, 676.37, 90],
		[20, "C62", "T", 2540, 280, 270],
		[21, "C63", "T", 2887.35, 457.13, 90],
		[22, "C64", "T", 2800, 455, 90],
		[23, "C65", "T", 2460, 520, 270],
		[24, "C66", "T", 865, 560, 90],
		[25, "C67", "T", 1140, 620, 90],
		[26, "CN1", "T", 2275, 315, 270],
		[27, "D30", "T", 1820, 945, 180],
		[28, "D31", "T", 1380, 1120, 180],
		[29, "D32", "T", 1576.86, 967.27, 180],
		[30, "D33", "T", 2845, 666.37, 270],
		[31, "H1", "T", 2540, 1835, 180],
		[32, "L2", "T", 2357.3, 752.13, 0],
		[33, "R33", "T", 1490, 1505, 0],
		[34, "R34", "T", 1813.04, 1077.26, 0],
		[35, "R36", "T", 2145, 1135, 0],
		[36, "R37", "T", 515, 560, 90],
		[37, "R38", "T", 2064.25, 1844.88, 90],
		[38, "R39", "T", 2194.25, 1846.98, 90],
		[39, "R40", "T", 2325, 1845, 90],
		[40, "R45", "T", 1670, 625, 0],
		[41, "R46", "T", 540, 1805, 0],
		[42, "R47", "T", 361.69, 1813, 0],
		[43, "R50", "T", 1998.76, 1103.94, 0],
		[44, "R52", "T", 2662.16, 821.37, 90],
		[45, "R53", "T", 2719.36, 394.4, 90],
		[46, "RJ1", "T", 445.86, 1415.99, 270],
		[47, "RN1", "T", 730, 1000, 180],
		[48, "SW1", "T", 2255, 1530, 180],
		[49, "U2", "T", 1045, 1580, 90],
		[50, "U3", "T", 2435, 1150, 0],
		[51, "U6", "T", 2070, 1365, 0],
		[52, "U7", "T", 690, 235, 90],
		[53, "U12", "T", 1740, 1665, 270],
		[54, "U13", "T", 1820, 1250, 0],
		[55, "U14", "T", 1495, 1345, 0],
		[56, "U17", "T", 1431.2, 656.73, 90],
		[57, "U18", "T", 690, 640, 180],
		[58, "U19", "T", 1080, 955, 90],
		[59, "U20", "T", 300, 875, 0],
		[60, "U21", "T", 1685, 735, 180],
		[61, "U22", "T", 1540, 455, 0],
		[62, "U24", "T", 2645, 615, 0],
		[63, "U25", "T", 1015, 645, 270],
		[64, "U26", "T", 2720, 830, 270],
		[65, "USB1", "T", 325, 460, 270],
		[66, "X1", "T", 2850, 1275, 90]
	]
},
"pins": {
	"fields": ["PIN_NO", "PIN_NAME", "PIN_X", "PIN_Y", "LAYER", "PIN_TYPE", "NET_NAME", "NET_TYPE", "PAD_SHAPE", "PAD_SIZEX", "PAD_SIZEY", "HOLE_SIZE", "PAD_ANGLE"],
	"rows": [
		[1, "C23_1", 1755.25, 1385.85, "T", "SMD", "AGND", "", "R", 31.5, 35.43, 0, 0],
		[2, "C23_2", 1810.37, 1385.85, "T", "SMD", "$8N818", "", "R", 31.5, 35.43, 0, 0],
		[3, "C24_1", 1805, 1452.68, "T", "SMD", "$8N822", "", "R", 8.27, 8.66, 0, 270],
		[4, "C24_2", 1805, 1437.32, "T", "SMD", "AGND", "", "R", 8.27, 8.66, 0, 270],
		[5, "C25_1", 2515, 1445.63, "T", "SMD", "+5V", "", "R", 55.51, 53.15, 0, 90],
		[6, "C25_2", 2515, 1524.37, "T", "SMD", "AGND", "", "R", 55.51, 53.15, 0, 90],
		[7, "C26_1", 2186.32, 1315.24, "T", "SMD", "AGND", "", "R", 55.51, 53.15, 0, 0],
		[8, "C26_2", 2265.06, 1315.24, "T", "SMD", "$9N2639", "", "R", 55.51, 53.15, 0, 0],
		[9, "C27_1", 2005.63, 1540, "T", "SMD", "AGND", "", "R", 55.51, 53.15, 0, 0],
		[10, "C27_2", 2084.37, 1540, "T", "SMD", "RST", "", "R", 55.51, 53.15, 0, 0],
		[11, "C28_1", 614.77, 434.06, "T", "SMD", "AGND", "", "R", 55.51, 53.15, 0, 180],
		[12, "C28_2", 536.03, 434.06, "T", "SMD", "DP1", "", "R", 55.51, 53.15, 0, 180],
		[13, "C29_1", 361.33, 180.81, "T", "SMD", "AGND", "", "R", 55.51, 53.15, 0, 0],
		[14, "C29_2", 440.07, 180.81, "T", "SMD", "DN1", "", "R", 55.51, 53.15, 0, 0],
		[15, "C30_1", 468.28, 70.41, "T", "SMD", "AGND", "", "R", 55.51, 53.15, 0, 0],
		[16, "C30_2", 547.02, 70.41, "T", "SMD", "+5V", "", "R", 55.51, 53.15, 0, 0],
		[17, "C31_1", 663.63, 75.41, "T", "SMD", "+33V", "", "R", 55.51, 53.15, 0, 0],
		[18, "C31_2", 742.37, 75.41, "T", "SMD", "AGND", "", "R", 55.51, 53.15, 0, 0],
		[19, "C32_1", 1555, 1850.63, "T", "SMD", "+33V", "", "R", 55.51, 53.15, 0, 90],
		[20, "C32_2", 1555, 1929.37, "T", "SMD", "AGND", "", "R", 55.51, 53.15, 0, 90],
		[21, "C33_1", 1919.88, 1439.63, "T", "SMD", "+33V", "", "R", 55.51, 53.15, 0, 0],
		[22, "C33_2", 1998.62, 1439.63, "T", "SMD", "AGND", "", "R", 55.51, 53.15, 0, 0],
		[23, "C34_1", 814.37, 425, "T", "SMD", "AGND", "", "R", 55.51, 53.15, 0, 180],
		[24, "C34_2", 735.63, 425, "T", "SMD", "+5V", "", "R", 55.51, 53.15, 0, 180],
		[25, "C35_1", 750.63, 1135, "T", "SMD", "AGND", "", "R", 55.51, 53.15, 0, 0],
		[26, "C35_2", 829.37, 1135, "T", "SMD", "+5V", "", "R", 55.51, 53.15, 0, 0],
		[27, "C38_1", 1884.99, 620.63, "T", "SMD", "AGND", "", "R", 79.13, 212.6, 0, 90],
		[28, "C38_2", 1884.99, 823.79, "T", "SMD", "POE+", "", "R", 79.13, 212.6, 0, 90],
		[29, "C45_1", 2852.51, 1648.41, "T", "SMD", "XTAL2", "", "R", 31.11, 21.26, 0, 0],
		[30, "C45_2", 2895.43, 1648.41, "T", "SMD", "AGND", "", "R", 31.11, 21.26, 0, 0],
		[31, "C46_1", 2886.46, 926.99, "T", "SMD", "AGND", "", "R", 31.11, 21.26, 0, 180],
		[32, "C46_2", 2843.54, 926.99, "T", "SMD", "XTAL1", "", "R", 31.11, 21.26, 0, 180],
		[33, "C59_1", 1457.62, 811.73, "T", "SMD", "POE+", "", "R", 55.51, 53.15, 0, 180],
		[34, "C59_2", 1378.88, 811.73, "T", "SMD", "POE-", "", "R", 55.51, 53.15, 0, 180],
		[35, "C60_1", 2022.61, 981.37, "T", "SMD", "AGND", "", "R", 64.37, 106.3, 0, 0],
		[36, "C60_2", 2142.09, 981.37, "T", "SMD", "+5V", "", "R", 64.37, 106.3, 0, 0],
		[37, "C61_1", 2106.27, 616.63, "T", "SMD", "AGND", "", "R", 64.37, 106.3, 0, 90],
		[38, "C61_2", 2106.27, 736.11, "T", "SMD", "+5V", "", "R", 64.37, 106.3, 0, 90],
		[39, "C62_1", 2540, 385.12, "T", "SMD", "POE+", "", "R", 137.79, 47.24, 0, 270],
		[40, "C62_2", 2540, 174.88, "T", "SMD", "AGND", "", "R", 137.79, 47.24, 0, 270],
		[41, "C63_1", 2887.35, 417.76, "T", "SMD", "AGND", "", "R", 55.51, 53.15, 0, 90],
		[42, "C63_2", 2887.35, 496.5, "T", "SMD", "$6N36571", "", "R", 55.51, 53.15, 0, 90],
		[43, "C64_1", 2800, 415.63, "T", "SMD", "AGND", "", "R", 55.51, 53.15, 0, 90],
		[44, "C64_2", 2800, 494.37, "T", "SMD", "$6N36571", "", "R", 55.51, 53.15, 0, 90],
		[45, "C65_1", 2460, 559.37, "T", "SMD", "$6N36572", "", "R", 55.51, 53.15, 0, 270],
		[46, "C65_2", 2460, 480.63, "T", "SMD", "$6N36578", "", "R", 55.51, 53.15, 0, 270],
		[47, "C66_1", 865, 532.44, "T", "SMD", "AGND", "", "R", 31.5, 35.43, 0, 90],
		[48, "C66_2", 865, 587.56, "T", "SMD", "+33V", "", "R", 31.5, 35.43, 0, 90],
		[49, "C67_1", 1140, 592.44, "T", "SMD", "AGND", "", "R", 31.5, 35.43, 0, 90],
		[50, "C67_2", 1140, 647.56, "T", "SMD", "+5V", "", "R", 31.5, 35.43, 0, 90],
		[51, "CN1_1", 2275, 118.15, "T", "DIP", "AGND", "", "C", 62.99, 62.99, 39.37, 90],
		[52, "CN1_1", 2275, 118.15, "B", "DIP", "AGND", "", "C", 62.99, 62.99, 39.37, 90],
		[53, "CN1_2", 2275, 196.89, "T", "DIP", "HALL_C", "", "C", 62.99, 62.99, 39.37, 90],
		[54, "CN1_2", 2275, 196.89, "B", "DIP", "HALL_C", "", "C", 62.99, 62.99, 39.37, 90],
		[55, "CN1_3", 2275, 275.63, "T", "DIP", "HALL_B", "", "C", 62.99, 62.99, 39.37, 90],
		[56, "CN1_3", 2275, 275.63, "B", "DIP", "HALL_B", "", "C", 62.99, 62.99, 39.37, 90],
		[57, "CN1_4", 2275, 354.37, "T", "DIP", "HALL_A", "", "C", 62.99, 62.99, 39.37, 90],
		[58, "CN1_4", 2275, 354.37, "B", "DIP", "HALL_A", "", "C", 62.99, 62.99, 39.37, 90],
		[59, "CN1_5", 2275, 433.11, "T", "DIP", "THERMISTOR+", "", "C", 62.99, 62.99, 39.37, 90],
		[60, "CN1_5", 2275, 433.11, "B", "DIP", "THERMISTOR+", "", "C", 62.99, 62.99, 39.37, 90],
		[61, "CN1_6", 2275, 511.85, "T", "DIP", "ODRV5V", "", "C", 62.99, 62.99, 39.37, 90],
		[62, "CN1_6", 2275, 511.85, "B", "DIP", "ODRV5V", "", "C", 62.99, 62.99, 39.37, 90],
		[63, "D30_1", 1921, 945, "T", "SMD", "POE+", "", "R", 80.57, 63.78, 0, 180],
		[64, "D30_2", 1719, 945, "T", "SMD", "POE-", "", "R", 80.57, 63.78, 0, 180],
		[65, "D31_1", 1429.22, 1232.11, "T", "SMD", "$6N9056", "", "R", 35.83, 98.23, 0, 180],
		[66, "D31_2", 1330.78, 1232.11, "T", "SMD", "$6N9064", "", "R", 35.83, 98.23, 0, 180],
		[67, "D31_3", 1330.78, 1007.89, "T", "SMD", "POE+", "", "R", 35.83, 98.23, 0, 180],
		[68, "D31_4", 1429.22, 1007.89, "T", "SMD", "POE-", "", "R", 35.83, 98.23, 0, 180],
		[69, "D32_1", 1626.08, 1079.38, "T", "SMD", "$6N1130", "", "R", 35.83, 98.23, 0, 180],
		[70, "D32_2", 1527.64, 1079.38, "T", "SMD", "$6N1128", "", "R", 35.83, 98.23, 0, 180],
		[71, "D32_3", 1527.64, 855.16, "T", "SMD", "POE+", "", "R", 35.83, 98.23, 0, 180],
		[72, "D32_4", 1626.08, 855.16, "T", "SMD", "POE-", "", "R", 35.83, 98.23, 0, 180],
		[73, "D33_1", 2845, 752.69, "T", "SMD", "$6N36572", "", "R", 70.87, 66.93, 0, 270],
		[74, "D33_2", 2845, 580.05, "T", "SMD", "AGND", "", "R", 70.87, 66.93, 0, 270],
		[75, "H1_1", 2640, 1885, "T", "DIP", "MISO", "", "R", 66.93, 66.93, 43.31, 180],
		[76, "H1_1", 2640, 1885, "B", "DIP", "MISO", "", "R", 66.93, 66.93, 43.31, 180],
		[77, "H1_2", 2640, 1785, "T", "DIP", "+5V", "", "C", 66.93, 66.93, 43.31, 180],
		[78, "H1_2", 2640, 1785, "B", "DIP", "+5V", "", "C", 66.93, 66.93, 43.31, 180],
		[79, "H1_3", 2540, 1885, "T", "DIP", "SCLK", "", "C", 66.93, 66.93, 43.31, 180],
		[80, "H1_3", 2540, 1885, "B", "DIP", "SCLK", "", "C", 66.93, 66.93, 43.31, 180],
		[81, "H1_4", 2540, 1785, "T", "DIP", "MOSI", "", "C", 66.93, 66.93, 43.31, 180],
		[82, "H1_4", 2540, 1785, "B", "DIP", "MOSI", "", "C", 66.93, 66.93, 43.31, 180],
		[83, "H1_5", 2440, 1885, "T", "DIP", "RST", "", "C", 66.93, 66.93, 43.31, 180],
		[84, "H1_5", 2440, 1885, "B", "DIP", "RST", "", "C", 66.93, 66.93, 43.31, 180],
		[85, "H1_6", 2440, 1785, "T", "DIP", "AGND", "", "C", 66.93, 66.93, 43.31, 180],
		[86, "H1_6", 2440, 1785, "B", "DIP", "AGND", "", "C", 66.93, 66.93, 43.31, 180],
		[87, "L2_1", 2480.45, 752.13, "T", "SMD", "$6N36572", "", "R", 95.43, 142.52, 0, 0],
		[88, "L2_2", 2234.15, 752.13, "T", "SMD", "+5V", "", "R", 95.43, 142.52, 0, 0],
		[89, "R33_1", 1472.96, 1505, "T", "SMD", "AGND", "", "R", 22.27, 21.26, 0, 0],
		[90, "R33_2", 1507.04, 1505, "T", "SMD", "$8N817", "", "R", 22.27, 21.26, 0, 0],
		[91, "R34_1", 1754.82, 1077.26, "T", "SMD", "$8N824", "", "R", 47.54, 66.97, 0, 0],
		[92, "R34_2", 1871.26, 1077.26, "T", "SMD", "$8N825", "", "R", 47.54, 66.97, 0, 0],
		[93, "R36_1", 2105.63, 1135, "T", "SMD", "+5V", "", "R", 44.59, 54.21, 0, 0],
		[94, "R36_2", 2184.37, 1135, "T", "SMD", "RST", "", "R", 44.59, 54.21, 0, 0],
		[95, "R37_1", 515, 520.63, "T", "SMD", "$9N2658", "", "R", 44.59, 54.21, 0, 90],
		[96, "R37_2", 515, 599.37, "T", "SMD", "AGND", "", "R", 44.59, 54.21, 0, 90],
		[97, "R38_1", 2064.25, 1805.51, "T", "SMD", "$8N1422", "", "R", 44.59, 54.21, 0, 90],
		[98, "R38_2", 2064.25, 1884.25, "T", "SMD", "+33V", "", "R", 44.59, 54.21, 0, 90],
		[99, "R39_1", 2194.25, 1807.61, "T", "SMD", "$8N1426", "", "R", 44.59, 54.21, 0, 90],
		[100, "R39_2", 2194.25, 1886.35, "T", "SMD", "+33V", "", "R", 44.59, 54.21, 0, 90],
		[101, "R40_1", 2325, 1805.63, "T", "SMD", "$8N1431", "", "R", 44.59, 54.21, 0, 90],
		[102, "R40_2", 2325, 1884.37, "T", "SMD", "+33V", "", "R", 44.59, 54.21, 0, 90],
		[103, "R45_1", 1640.34, 625, "T", "SMD", "$6N10879", "", "R", 31.75, 34.02, 0, 0],
		[104, "R45_2", 1699.66, 625, "T", "SMD", "POE+", "", "R", 31.75, 34.02, 0, 0],
		[105, "R46_1", 500.63, 1805, "T", "SMD", "$6N20475", "", "R", 44.59, 54.21, 0, 0],
		[106, "R46_2", 579.37, 1805, "T", "SMD", "LINKLED", "", "R", 44.59, 54.21, 0, 0],
		[107, "R47_1", 322.32, 1813, "T", "SMD", "$6N20463", "", "R", 44.59, 54.21, 0, 0],
		[108, "R47_2", 401.06, 1813, "T", "SMD", "SPDLED", "", "R", 44.59, 54.21, 0, 0],
		[109, "R50_1", 1959.39, 1103.94, "T", "SMD", "$8N831", "", "R", 44.59, 54.21, 0, 0],
		[110, "R50_2", 2038.13, 1103.94, "T", "SMD", "$8N825", "", "R", 44.59, 54.21, 0, 0],
		[111, "R52_1", 2662.16, 804.33, "T", "SMD", "$6N36573", "", "R", 22.27, 21.26, 0, 90],
		[112, "R52_2", 2662.16, 838.41, "T", "SMD", "+5V", "", "R", 22.27, 21.26, 0, 90],
		[113, "R53_1", 2719.36, 364.74, "T", "SMD", "AGND", "", "R", 31.75, 34.02, 0, 90],
		[114, "R53_2", 2719.36, 424.06, "T", "SMD", "$6N36570", "", "R", 31.75, 34.02, 0, 90],
		[115, "RJ1_1", 314.95, 1275.44, "T", "DIP", "RJ2A", "", "C", 62.99, 62.99, 47.24, 270],
		[116, "RJ1_1", 314.95, 1275.44, "B", "DIP", "RJ2A", "", "C", 62.99, 62.99, 47.24, 270],
		[117, "RJ1_2", 385.03, 1315.6, "T", "DIP", "RJ2B", "", "C", 62.99, 62.99, 47.24, 270],
		[118, "RJ1_2", 385.03, 1315.6, "B", "DIP", "RJ2B", "", "C", 62.99, 62.99, 47.24, 270],
		[119, "RJ1_3", 314.95, 1355.75, "T", "DIP", "RJ3A", "", "C", 62.99, 62.99, 47.24, 270],
		[120, "RJ1_3", 314.95, 1355.75, "B", "DIP", "RJ3A", "", "C", 62.99, 62.99, 47.24, 270],
		[121, "RJ1_4", 385.03, 1395.91, "T", "DIP", "RJ1A", "", "C", 62.99, 62.99, 47.24, 270],
		[122, "RJ1_4", 385.03, 1395.91, "B", "DIP", "RJ1A", "", "C", 62.99, 62.99, 47.24, 270],
		[123, "RJ1_5", 314.95, 1436.07, "T", "DIP", "RJ1B", "", "C", 62.99, 62.99, 47.24, 270],
		[124, "RJ1_5", 314.95, 1436.07, "B", "DIP", "RJ1B", "", "C", 62.99, 62.99, 47.24, 270],
		[125, "RJ1_6", 385.03, 1476.23, "T", "DIP", "RJ3B", "", "C", 62.99, 62.99, 47.24, 270],
		[126, "RJ1_6", 385.03, 1476.23, "B", "DIP", "RJ3B", "", "C", 62.99, 62.99, 47.24, 270],
		[127, "RJ1_7", 314.95, 1516.38, "T", "DIP", "RJ4A", "", "C", 62.99, 62.99, 47.24, 270],
		[128, "RJ1_7", 314.95, 1516.38, "B", "DIP", "RJ4A", "", "C", 62.99, 62.99, 47.24, 270],
		[129, "RJ1_8", 385.03, 1556.54, "T", "DIP", "RJ4B", "", "C", 62.99, 62.99, 47.24, 270],
		[130, "RJ1_8", 385.03, 1556.54, "B", "DIP", "RJ4B", "", "C", 62.99, 62.99, 47.24, 270],
		[131, "RJ1_9", 576.76, 1685.67, "T", "DIP", "+5V", "", "C", 62.99, 62.99, 47.24, 270],
		[132, "RJ1_9", 576.76, 1685.67, "B", "DIP", "+5V", "", "C", 62.99, 62.99, 47.24, 270],
		[133, "RJ1_10", 576.76, 1595.91, "T", "DIP", "$6N20475", "", "C", 62.99, 62.99, 47.24, 270],
		[134, "RJ1_10", 576.76, 1595.91, "B", "DIP", "$6N20475", "", "C", 62.99, 62.99, 47.24, 270],
		[135, "RJ1_11", 576.76, 1236.07, "T", "DIP", "+5V", "", "C", 62.99, 62.99, 47.24, 270],
		[136, "RJ1_11", 576.76, 1236.07, "B", "DIP", "+5V", "", "C", 62.99, 62.99, 47.24, 270],
		[137, "RJ1_12", 576.76, 1146.3, "T", "DIP", "$6N20463", "", "C", 62.99, 62.99, 47.24, 270],
		[138, "RJ1_12", 576.76, 1146.3, "B", "DIP", "$6N20463", "", "C", 62.99, 62.99, 47.24, 270],
		[139, "RN1_1", 801.85, 1031.5, "T", "SMD", "AGND", "", "R", 17.72, 31.5, 0, 180],
		[140, "RN1_2", 779.21, 1031.5, "T", "SMD", "AGND", "", "R", 11.81, 31.5, 0, 180],
		[141, "RN1_3", 759.53, 1031.5, "T", "SMD", "AGND", "", "R", 11.81, 31.5, 0, 180],
		[142, "RN1_4", 739.84, 1031.5, "T", "SMD", "AGND", "", "R", 11.81, 31.5, 0, 180],
		[143, "RN1_5", 720.16, 1031.5, "T", "SMD", "AGND", "", "R", 11.81, 31.5, 0, 180],
		[144, "RN1_6", 700.47, 1031.5, "T", "SMD", "AGND", "", "R", 11.81, 31.5, 0, 180],
		[145, "RN1_7", 680.79, 1031.5, "T", "SMD", "AGND", "", "R", 11.81, 31.5, 0, 180],
		[146, "RN1_8", 658.15, 1031.5, "T", "SMD", "AGND", "", "R", 17.72, 31.5, 0, 180],
		[147, "RN1_9", 658.15, 968.5, "T", "SMD", "IP7", "", "R", 17.72, 31.5, 0, 180],
		[148, "RN1_10", 680.79, 968.5, "T", "SMD", "IP6", "", "R", 11.81, 31.5, 0, 180],
		[149, "RN1_11", 700.47, 968.5, "T", "SMD", "IP5", "", "R", 11.81, 31.5, 0, 180],
		[150, "RN1_12", 720.16, 968.5, "T", "SMD", "IP4", "", "R", 11.81, 31.5, 0, 180],
		[151, "RN1_13", 739.84, 968.5, "T", "SMD", "IP3", "", "R", 11.81, 31.5, 0, 180],
		[152, "RN1_14", 759.53, 968.5, "T", "SMD", "IP2", "", "R", 11.81, 31.5, 0, 180],
		[153, "RN1_15", 779.21, 968.5, "T", "SMD", "IP1", "", "R", 11.81, 31.5, 0, 180],
		[154, "RN1_16", 801.85, 968.5, "T", "SMD", "IP0", "", "R", 17.72, 31.5, 0, 180],
		[155, "SW1_1", 2420.35, 1441.42, "T", "SMD", "AGND", "", "R", 74.8, 51.18, 0, 180],
		[156, "SW1_2", 2089.65, 1441.42, "T", "SMD", "SW1_2", "", "R", 74.8, 51.18, 0, 180],
		[157, "SW1_3", 2420.35, 1618.58, "T", "SMD", "SW1_3", "", "R", 74.8, 51.18, 0, 180],
		[158, "SW1_4", 2089.65, 1618.58, "T", "SMD", "RST", "", "R", 74.8, 51.18, 0, 180],
		[159, "U2_1", 1332.4, 1305, "T", "SMD", "U2_1", "", "R", 25.35, 102.36, 0, 90],
		[160, "U2_2", 1332.4, 1355, "T", "SMD", "ETH1A", "", "R", 25.35, 102.36, 0, 90],
		[161, "U2_3", 1332.4, 1405, "T", "SMD", "ETH1B", "", "R", 25.35, 102.36, 0, 90],
		[162, "U2_4", 1332.4, 1455, "T", "SMD", "U2_4", "", "R", 25.35, 102.36, 0, 90],
		[163, "U2_5", 1332.4, 1505, "T", "SMD", "ETH2A", "", "R", 25.35, 102.36, 0, 90],
		[164, "U2_6", 1332.4, 1555, "T", "SMD", "ETH2B", "", "R", 25.35, 102.36, 0, 90],
		[165, "U2_7", 1332.4, 1605, "T", "SMD", "U2_7", "", "R", 25.35, 102.36, 0, 90],
		[166, "U2_8", 1332.4, 1655, "T", "SMD", "ETH3A", "", "R", 25.35, 102.36, 0, 90],
		[167, "U2_9", 1332.4, 1705, "T", "SMD", "ETH3B", "", "R", 25.35, 102.36, 0, 90],
		[168, "U2_10", 1332.4, 1755, "T", "SMD", "U2_10", "", "R", 25.35, 102.36, 0, 90],
		[169, "U2_11", 1332.4, 1805, "T", "SMD", "ETH4A", "", "R", 25.35, 102.36, 0, 90],
		[170, "U2_12", 1332.4, 1855, "T", "SMD", "ETH4B", "", "R", 25.35, 102.36, 0, 90],
		[171, "U2_13", 757.6, 1855, "T", "SMD", "RJ4B", "", "R", 25.35, 102.36, 0, 90],
		[172, "U2_14", 757.6, 1805, "T", "SMD", "RJ4A", "", "R", 25.35, 102.36, 0, 90],
		[173, "U2_15", 757.6, 1755, "T", "SMD", "$6N1130", "", "R", 25.35, 102.36, 0, 90],
		[174, "U2_16", 757.6, 1705, "T", "SMD", "RJ3B", "", "R", 25.35, 102.36, 0, 90],
		[175, "U2_17", 757.6, 1655, "T", "SMD", "RJ3A", "", "R", 25.35, 102.36, 0, 90],
		[176, "U2_18", 757.6, 1605, "T", "SMD", "$6N9064", "", "R", 25.35, 102.36, 0, 90],
		[177, "U2_19", 757.6, 1555, "T", "SMD", "RJ2B", "", "R", 25.35, 102.36, 0, 90],
		[178, "U2_20", 757.6, 1505, "T", "SMD", "RJ2A", "", "R", 25.35, 102.36, 0, 90],
		[179, "U2_21", 757.6, 1455, "T", "SMD", "$6N9056", "", "R", 25.35, 102.36, 0, 90],
		[180, "U2_22", 757.6, 1405, "T", "SMD", "RJ1B", "", "R", 25.35, 102.36, 0, 90],
		[181, "U2_23", 757.6, 1355, "T", "SMD", "RJ1A", "", "R", 25.35, 102.36, 0, 90],
		[182, "U2_24", 757.6, 1305, "T", "SMD", "$6N1128", "", "R", 25.35, 102.36, 0, 90],
		[183, "U3_1", 2324.76, 978, "T", "SMD", "D3", "", "O", 17.72, 64.96, 0, 0],
		[184, "U3_2", 2356.26, 978, "T", "SMD", "D4", "", "O", 17.72, 64.96, 0, 0],
		[185, "U3_3", 2387.76, 978, "T", "SMD", "OCTCLK", "", "O", 17.72, 64.96, 0, 0],
		[186, "U3_4", 2419.25, 978, "T", "SMD", "+5V", "", "O", 17.72, 64.96, 0, 0],
		[187, "U3_5", 2450.75, 978, "T", "SMD", "AGND", "", "O", 17.72, 64.96, 0, 0],
		[188, "U3_6", 2482.24, 978, "T", "SMD", "OCTR", "", "O", 17.72, 64.96, 0, 0],
		[189, "U3_7", 2513.74, 978, "T", "SMD", "XTAL1", "", "O", 17.72, 64.96, 0, 0],
		[190, "U3_8", 2545.24, 978, "T", "SMD", "XTAL2", "", "O", 17.72, 64.96, 0, 0],
		[191, "U3_9", 2607.5, 1039.76, "T", "SMD", "D5", "", "O", 64.96, 17.72, 0, 0],
		[192, "U3_10", 2607.5, 1071.26, "T", "SMD", "D6", "", "O", 64.96, 17.72, 0, 0],
		[193, "U3_11", 2607.5, 1102.76, "T", "SMD", "D7", "", "O", 64.96, 17.72, 0, 0],
		[194, "U3_12", 2607.5, 1134.25, "T", "SMD", "D8", "", "O", 64.96, 17.72, 0, 0],
		[195, "U3_13", 2607.5, 1165.75, "T", "SMD", "D9", "", "O", 64.96, 17.72, 0, 0],
		[196, "U3_14", 2607.5, 1197.24, "T", "SMD", "W5500CS", "", "O", 64.96, 17.72, 0, 0],
		[197, "U3_15", 2607.5, 1228.74, "T", "SMD", "MOSI", "", "O", 64.96, 17.72, 0, 0],
		[198, "U3_16", 2607.5, 1260.24, "T", "SMD", "MISO", "", "O", 64.96, 17.72, 0, 0],
		[199, "U3_17", 2545.24, 1322, "T", "SMD", "SCLK", "", "O", 17.72, 64.96, 0, 0],
		[200, "U3_18", 2513.74, 1322, "T", "SMD", "+5V", "", "O", 17.72, 64.96, 0, 0],
		[201, "U3_19", 2482.24, 1322, "T", "SMD", "A6", "", "O", 17.72, 64.96, 0, 0],
		[202, "U3_20", 2450.75, 1322, "T", "SMD", "$9N2639", "", "O", 17.72, 64.96, 0, 0],
		[203, "U3_21", 2419.25, 1322, "T", "SMD", "AGND", "", "O", 17.72, 64.96, 0, 0],
		[204, "U3_22", 2387.76, 1322, "T", "SMD", "A7", "", "O", 17.72, 64.96, 0, 0],
		[205, "U3_23", 2356.26, 1322, "T", "SMD", "A0", "", "O", 17.72, 64.96, 0, 0],
		[206, "U3_24", 2324.76, 1322, "T", "SMD", "A1", "", "O", 17.72, 64.96, 0, 0],
		[207, "U3_25", 2262.5, 1260.24, "T", "SMD", "A2", "", "O", 64.96, 17.72, 0, 0],
		[208, "U3_26", 2262.5, 1228.74, "T", "SMD", "A3", "", "O", 64.96, 17.72, 0, 0],
		[209, "U3_27", 2262.5, 1197.24, "T", "SMD", "A4", "", "O", 64.96, 17.72, 0, 0],
		[210, "U3_28", 2262.5, 1165.75, "T", "SMD", "A5", "", "O", 64.96, 17.72, 0, 0],
		[211, "U3_29", 2262.5, 1134.25, "T", "SMD", "RST", "", "O", 64.96, 17.72, 0, 0],
		[212, "U3_30", 2262.5, 1102.76, "T", "SMD", "D0", "", "O", 64.96, 17.72, 0, 0],
		[213, "U3_31", 2262.5, 1071.26, "T", "SMD", "D1", "", "O", 64.96, 17.72, 0, 0],
		[214, "U3_32", 2262.5, 1039.76, "T", "SMD", "D2", "", "O", 64.96, 17.72, 0, 0],
		[215, "U6_1", 2059.2, 1365, "T", "SMD", "AGND", "", "R", 14.51, 12.76, 0, 0],
		[216, "U6_2", 2080.8, 1365, "T", "SMD", "$8N831", "", "R", 14.51, 12.76, 0, 0],
		[217, "U7_1", 802.83, 145.43, "T", "SMD", "D0", "", "O", 13.5, 68.17, 0, 90],
		[218, "U7_2", 802.83, 171.02, "T", "SMD", "U7_2", "", "O", 13.5, 68.17, 0, 90],
		[219, "U7_3", 802.83, 196.61, "T", "SMD", "+33V", "", "O", 13.5, 68.17, 0, 90],
		[220, "U7_4", 802.83, 222.21, "T", "SMD", "D1", "", "O", 13.5, 68.17, 0, 90],
		[221, "U7_5", 802.83, 247.8, "T", "SMD", "AGND", "", "O", 13.5, 68.17, 0, 90],
		[222, "U7_6", 802.83, 273.39, "T", "SMD", "U7_6", "", "O", 13.5, 68.17, 0, 90],
		[223, "U7_7", 802.83, 298.98, "T", "SMD", "U7_7", "", "O", 13.5, 68.17, 0, 90],
		[224, "U7_8", 802.83, 324.57, "T", "SMD", "DP1", "", "O", 13.5, 68.17, 0, 90],
		[225, "U7_9", 577.17, 324.57, "T", "SMD", "DN1", "", "O", 13.5, 68.17, 0, 90],
		[226, "U7_10", 577.17, 298.98, "T", "SMD", "U7_10", "", "O", 13.5, 68.17, 0, 90],
		[227, "U7_11", 577.17, 273.39, "T", "SMD", "RST", "", "O", 13.5, 68.17, 0, 90],
		[228, "U7_12", 577.17, 247.8, "T", "SMD", "+5V", "", "O", 13.5, 68.17, 0, 90],
		[229, "U7_13", 577.17, 222.21, "T", "SMD", "AGND", "", "O", 13.5, 68.17, 0, 90],
		[230, "U7_14", 577.17, 196.61, "T", "SMD", "U7_14", "", "O", 13.5, 68.17, 0, 90],
		[231, "U7_15", 577.17, 171.02, "T", "SMD", "U7_15", "", "O", 13.5, 68.17, 0, 90],
		[232, "U7_16", 577.17, 145.43, "T", "SMD", "U7_16", "", "O", 13.5, 68.17, 0, 90],
		[233, "U12_1", 1572.68, 1773.27, "T", "SMD", "ETH2B", "", "O", 10.63, 59.05, 0, 270],
		[234, "U12_2", 1572.68, 1753.58, "T", "SMD", "ETH2A", "", "O", 10.63, 59.05, 0, 270],
		[235, "U12_3", 1572.68, 1733.9, "T", "SMD", "AGND", "", "O", 10.63, 59.05, 0, 270],
		[236, "U12_4", 1572.68, 1714.21, "T", "SMD", "+33V", "", "O", 10.63, 59.05, 0, 270],
		[237, "U12_5", 1572.68, 1694.53, "T", "SMD", "ETH3B", "", "O", 10.63, 59.05, 0, 270],
		[238, "U12_6", 1572.68, 1674.84, "T", "SMD", "ETH3A", "", "O", 10.63, 59.05, 0, 270],
		[239, "U12_7", 1572.68, 1655.16, "T", "SMD", "U12_7", "", "O", 10.63, 59.05, 0, 270],
		[240, "U12_8", 1572.68, 1635.47, "T", "SMD", "+33V", "", "O", 10.63, 59.05, 0, 270],
		[241, "U12_9", 1572.68, 1615.79, "T", "SMD", "AGND", "", "O", 10.63, 59.05, 0, 270],
		[242, "U12_10", 1572.68, 1596.1, "T", "SMD", "$8N817", "", "O", 10.63, 59.05, 0, 270],
		[243, "U12_11", 1572.68, 1576.42, "T", "SMD", "+33V", "", "O", 10.63, 59.05, 0, 270],
		[244, "U12_12", 1572.68, 1556.73, "T", "SMD", "U12_12", "", "O", 10.63, 59.05, 0, 270],
		[245, "U12_13", 1631.73, 1497.68, "T", "SMD", "U12_13", "", "O", 59.05, 10.63, 0, 270],
		[246, "U12_14", 1651.42, 1497.68, "T", "SMD", "AGND", "", "O", 59.05, 10.63, 0, 270],
		[247, "U12_15", 1671.1, 1497.68, "T", "SMD", "+33V", "", "O", 59.05, 10.63, 0, 270],
		[248, "U12_16", 1690.79, 1497.68, "T", "SMD", "AGND", "", "O", 59.05, 10.63, 0, 270],
		[249, "U12_17", 1710.47, 1497.68, "T", "SMD", "+33V", "", "O", 59.05, 10.63, 0, 270],
		[250, "U12_18", 1730.16, 1497.68, "T", "SMD", "U12_18", "", "O", 59.05, 10.63, 0, 270],
		[251, "U12_19", 1749.84, 1497.68, "T", "SMD", "AGND", "", "O", 59.05, 10.63, 0, 270],
		[252, "U12_20", 1769.53, 1497.68, "T", "SMD", "$8N818", "", "O", 59.05, 10.63, 0, 270],
		[253, "U12_21", 1789.21, 1497.68, "T", "SMD", "+33V", "", "O", 59.05, 10.63, 0, 270],
		[254, "U12_22", 1808.9, 1497.68, "T", "SMD", "$8N822", "", "O", 59.05, 10.63, 0, 270],
		[255, "U12_23", 1828.58, 1497.68, "T", "SMD", "AGND", "", "O", 59.05, 10.63, 0, 270],
		[256, "U12_24", 1848.27, 1497.68, "T", "SMD", "SPDLED", "", "O", 59.05, 10.63, 0, 270],
		[257, "U12_25", 1907.32, 1556.73, "T", "SMD", "LINKLED", "", "O", 10.63, 59.05, 0, 270],
		[258, "U12_26", 1907.32, 1576.42, "T", "SMD", "U12_26", "", "O", 10.63, 59.05, 0, 270],
		[259, "U12_27", 1907.32, 1596.1, "T", "SMD", "U12_27", "", "O", 10.63, 59.05, 0, 270],
		[260, "U12_28", 1907.32, 1615.79, "T", "SMD", "+33V", "", "O", 10.63, 59.05, 0, 270],
		[261, "U12_29", 1907.32, 1635.47, "T", "SMD", "AGND", "", "O", 10.63, 59.05, 0, 270],
		[262, "U12_30", 1907.32, 1655.16, "T", "SMD", "$8N824", "", "O", 10.63, 59.05, 0, 270],
		[263, "U12_31", 1907.32, 1674.84, "T", "SMD", "$8N825", "", "O", 10.63, 59.05, 0, 270],
		[264, "U12_32", 1907.32, 1694.53, "T", "SMD", "W5500CS", "", "O", 10.63, 59.05, 0, 270],
		[265, "U12_33", 1907.32, 1714.21, "T", "SMD", "SCLK", "", "O", 10.63, 59.05, 0, 270],
		[266, "U12_34", 1907.32, 1733.9, "T", "SMD", "MISO", "", "O", 10.63, 59.05, 0, 270],
		[267, "U12_35", 1907.32, 1753.58, "T", "SMD", "MOSI", "", "O", 10.63, 59.05, 0, 270],
		[268, "U12_36", 1907.32, 1773.27, "T", "SMD", "W5500INT", "", "O", 10.63, 59.05, 0, 270],
		[269, "U12_37", 1848.27, 1832.32, "T", "SMD", "RST", "", "O", 59.05, 10.63, 0, 270],
		[270, "U12_38", 1828.58, 1832.32, "T", "SMD", "U12_38", "", "O", 59.05, 10.63, 0, 270],
		[271, "U12_39", 1808.9, 1832.32, "T", "SMD", "U12_39", "", "O", 59.05, 10.63, 0, 270],
		[272, "U12_40", 1789.21, 1832.32, "T", "SMD", "U12_40", "", "O", 59.05, 10.63, 0, 270],
		[273, "U12_41", 1769.53, 1832.32, "T", "SMD", "U12_41", "", "O", 59.05, 10.63, 0, 270],
		[274, "U12_42", 1749.84, 1832.32, "T", "SMD", "U12_42", "", "O", 59.05, 10.63, 0, 270],
		[275, "U12_43", 1730.16, 1832.32, "T", "SMD", "$8N1431", "", "O", 59.05, 10.63, 0, 270],
		[276, "U12_44", 1710.47, 1832.32, "T", "SMD", "$8N1426", "", "O", 59.05, 10.63, 0, 270],
		[277, "U12_45", 1690.79, 1832.32, "T", "SMD", "$8N1422", "", "O", 59.05, 10.63, 0, 270],
		[278, "U12_46", 1671.1, 1832.32, "T", "SMD", "U12_46", "", "O", 59.05, 10.63, 0, 270],
		[279, "U12_47", 1651.42, 1832.32, "T", "SMD", "U12_47", "", "O", 59.05, 10.63, 0, 270],
		[280, "U12_48", 1631.73, 1832.32, "T", "SMD", "AGND", "", "O", 59.05, 10.63, 0, 270],
		[281, "U13_1", 1632.99, 1250, "T", "SMD", "$8N824", "", "R", 224.41, 78.74, 0, 0],
		[282, "U13_2", 2007.01, 1250, "T", "SMD", "$8N831", "", "R", 224.41, 78.74, 0, 0],
		[283, "U14_1", 1484.2, 1345, "T", "SMD", "AGND", "", "R", 14.51, 12.76, 0, 0],
		[284, "U14_2", 1505.8, 1345, "T", "SMD", "$8N824", "", "R", 14.51, 12.76, 0, 0],
		[285, "U17_1", 1549.31, 581.73, "T", "SMD", "POE+", "", "O", 23.62, 62.99, 0, 90],
		[286, "U17_2", 1549.31, 631.73, "T", "SMD", "$6N10879", "", "O", 23.62, 62.99, 0, 90],
		[287, "U17_3", 1549.31, 681.73, "T", "SMD", "$6N10859", "", "O", 23.62, 62.99, 0, 90],
		[288, "U17_4", 1549.31, 731.73, "T", "SMD", "POE-", "", "O", 23.62, 62.99, 0, 90],
		[289, "U17_5", 1313.09, 731.73, "T", "SMD", "AGND", "", "O", 23.62, 62.99, 0, 90],
		[290, "U17_6", 1313.09, 681.73, "T", "SMD", "CDB", "", "O", 23.62, 62.99, 0, 90],
		[291, "U17_7", 1313.09, 631.73, "T", "SMD", "U17_7", "", "O", 23.62, 62.99, 0, 90],
		[292, "U17_8", 1313.09, 581.73, "T", "SMD", "AGND", "", "O", 23.62, 62.99, 0, 90],
		[293, "U17_9", 1431.2, 656.73, "T", "SMD", "POE-", "", "R", 125.98, 98.42, 0, 90],
		[294, "U18_1", 779.57, 752.83, "T", "SMD", "IP3", "", "O", 13.5, 68.17, 0, 180],
		[295, "U18_2", 753.98, 752.83, "T", "SMD", "IP2", "", "O", 13.5, 68.17, 0, 180],
		[296, "U18_3", 728.39, 752.83, "T", "SMD", "IP1", "", "O", 13.5, 68.17, 0, 180],
		[297, "U18_4", 702.79, 752.83, "T", "SMD", "IP0", "", "O", 13.5, 68.17, 0, 180],
		[298, "U18_5", 677.2, 752.83, "T", "SMD", "OCTR", "", "O", 13.5, 68.17, 0, 180],
		[299, "U18_6", 651.61, 752.83, "T", "SMD", "U18_6", "", "O", 13.5, 68.17, 0, 180],
		[300, "U18_7", 626.02, 752.83, "T", "SMD", "+5V", "", "O", 13.5, 68.17, 0, 180],
		[301, "U18_8", 600.43, 752.83, "T", "SMD", "AGND", "", "O", 13.5, 68.17, 0, 180],
		[302, "U18_9", 600.43, 527.17, "T", "SMD", "CS2", "", "O", 13.5, 68.17, 0, 180],
		[303, "U18_10", 626.02, 527.17, "T", "SMD", "CS1", "", "O", 13.5, 68.17, 0, 180],
		[304, "U18_11", 651.61, 527.17, "T", "SMD", "CS0", "", "O", 13.5, 68.17, 0, 180],
		[305, "U18_12", 677.2, 527.17, "T", "SMD", "IP7", "", "O", 13.5, 68.17, 0, 180],
		[306, "U18_13", 702.79, 527.17, "T", "SMD", "IP6", "", "O", 13.5, 68.17, 0, 180],
		[307, "U18_14", 728.39, 527.17, "T", "SMD", "IP5", "", "O", 13.5, 68.17, 0, 180],
		[308, "U18_15", 753.98, 527.17, "T", "SMD", "IP4", "", "O", 13.5, 68.17, 0, 180],
		[309, "U18_16", 779.57, 527.17, "T", "SMD", "+5V", "", "O", 13.5, 68.17, 0, 180],
		[310, "U19_1", 1220.37, 780, "T", "SMD", "RST", "", "O", 23.7, 87.84, 0, 90],
		[311, "U19_2", 1220.37, 830, "T", "SMD", "OCTCLK", "", "O", 23.7, 87.84, 0, 90],
		[312, "U19_3", 1220.37, 880, "T", "SMD", "U19_3", "", "O", 23.7, 87.84, 0, 90],
		[313, "U19_4", 1220.37, 930, "T", "SMD", "U19_4", "", "O", 23.7, 87.84, 0, 90],
		[314, "U19_5", 1220.37, 980, "T", "SMD", "U19_5", "", "O", 23.7, 87.84, 0, 90],
		[315, "U19_6", 1220.37, 1030, "T", "SMD", "U19_6", "", "O", 23.7, 87.84, 0, 90],
		[316, "U19_7", 1220.37, 1080, "T", "SMD", "+5V", "", "O", 23.7, 87.84, 0, 90],
		[317, "U19_8", 1220.37, 1130, "T", "SMD", "AGND", "", "O", 23.7, 87.84, 0, 90],
		[318, "U19_9", 939.63, 1130, "T", "SMD", "+5V", "", "O", 23.7, 87.84, 0, 90],
		[319, "U19_10", 939.63, 1080, "T", "SMD", "+5V", "", "O", 23.7, 87.84, 0, 90],
		[320, "U19_11", 939.63, 1030, "T", "SMD", "U19_11", "", "O", 23.7, 87.84, 0, 90],
		[321, "U19_12", 939.63, 980, "T", "SMD", "CS2", "", "O", 23.7, 87.84, 0, 90],
		[322, "U19_13", 939.63, 930, "T", "SMD", "CS1", "", "O", 23.7, 87.84, 0, 90],
		[323, "U19_14", 939.63, 880, "T", "SMD", "CS0", "", "O", 23.7, 87.84, 0, 90],
		[324, "U19_15", 939.63, 830, "T", "SMD", "U19_15", "", "O", 23.7, 87.84, 0, 90],
		[325, "U19_16", 939.63, 780, "T", "SMD", "+5V", "", "O", 23.7, 87.84, 0, 90],
		[326, "U20_1", 125, 725, "T", "SMD", "IP0", "", "R", 29.92, 50, 0, 0],
		[327, "U20_2", 175, 725, "T", "SMD", "IP1", "", "R", 29.92, 50, 0, 0],
		[328, "U20_3", 225, 725, "T", "SMD", "IP2", "", "R", 29.92, 50, 0, 0],
		[329, "U20_4", 275, 725, "T", "SMD", "IP3", "", "R", 29.92, 50, 0, 0],
		[330, "U20_5", 325, 725, "T", "SMD", "IP4", "", "R", 29.92, 50, 0, 0],
		[331, "U20_6", 375, 725, "T", "SMD", "IP5", "", "R", 29.92, 50, 0, 0],
		[332, "U20_7", 425, 725, "T", "SMD", "IP6", "", "R", 29.92, 50, 0, 0],
		[333, "U20_8", 475, 725, "T", "SMD", "IP7", "", "R", 29.92, 50, 0, 0],
		[334, "U20_9", 475, 1025, "T", "SMD", "+5V", "", "R", 29.92, 50, 0, 0],
		[335, "U20_10", 425, 1025, "T", "SMD", "+5V", "", "R", 29.92, 50, 0, 0],
		[336, "U20_11", 375, 1025, "T", "SMD", "+5V", "", "R", 29.92, 50, 0, 0],
		[337, "U20_12", 325, 1025, "T", "SMD", "+5V", "", "R", 29.92, 50, 0, 0],
		[338, "U20_13", 275, 1025, "T", "SMD", "+5V", "", "R", 29.92, 50, 0, 0],
		[339, "U20_14", 225, 1025, "T", "SMD", "+5V", "", "R", 29.92, 50, 0, 0],
		[340, "U20_15", 175, 1025, "T", "SMD", "+5V", "", "R", 29.92, 50, 0, 0],
		[341, "U20_16", 125, 1025, "T", "SMD", "+5V", "", "R", 29.92, 50, 0, 0],
		[342, "U21_1", 1724.37, 735, "T", "SMD", "POE-", "", "R", 44.59, 54.21, 0, 180],
		[343, "U21_2", 1645.63, 735, "T", "SMD", "$6N10859", "", "R", 44.59, 54.21, 0, 180],
		[344, "U22_1", 988.82, 494.37, "T", "DIP", "CAN_H", "", "R", 60, 60, 36, 180],
		[345, "U22_1", 988.82, 494.37, "B", "DIP", "CAN_H", "", "R", 60, 60, 36, 180],
		[346, "U22_2", 988.82, 415.63, "T", "DIP", "CAN_L", "", "C", 60, 60, 36, 180],
		[347, "U22_2", 988.82, 415.63, "B", "DIP", "CAN_L", "", "C", 60, 60, 36, 180],
		[348, "U22_3", 1067.56, 494.37, "T", "DIP", "CAN_H2", "", "C", 60, 60, 36, 180],
		[349, "U22_3", 1067.56, 494.37, "B", "DIP", "CAN_H2", "", "C", 60, 60, 36, 180],
		[350, "U22_4", 1067.56, 415.63, "T", "DIP", "CAN_L2", "", "C", 60, 60, 36, 180],
		[351, "U22_4", 1067.56, 415.63, "B", "DIP", "CAN_L2", "", "C", 60, 60, 36, 180],
		[352, "U22_5", 1146.3, 494.37, "T", "DIP", "ODRV12IN", "", "C", 60, 60, 36, 180],
		[353, "U22_5", 1146.3, 494.37, "B", "DIP", "ODRV12IN", "", "C", 60, 60, 36, 180],
		[354, "U22_6", 1146.3, 415.63, "T", "DIP", "ODRV33V", "", "C", 60, 60, 36, 180],
		[355, "U22_6", 1146.3, 415.63, "B", "DIP", "ODRV33V", "", "C", 60, 60, 36, 180],
		[356, "U22_7", 1225.04, 494.37, "T", "DIP", "D8", "", "C", 60, 60, 36, 180],
		[357, "U22_7", 1225.04, 494.37, "B", "DIP", "D8", "", "C", 60, 60, 36, 180],
		[358, "U22_8", 1225.04, 415.63, "T", "DIP", "D7", "", "C", 60, 60, 36, 180],
		[359, "U22_8", 1225.04, 415.63, "B", "DIP", "D7", "", "C", 60, 60, 36, 180],
		[360, "U22_9", 1303.78, 494.37, "T", "DIP", "+5V", "", "C", 60, 60, 36, 180],
		[361, "U22_9", 1303.78, 494.37, "B", "DIP", "+5V", "", "C", 60, 60, 36, 180],
		[362, "U22_10", 1303.78, 415.63, "T", "DIP", "AGND", "", "C", 60, 60, 36, 180],
		[363, "U22_10", 1303.78, 415.63, "B", "DIP", "AGND", "", "C", 60, 60, 36, 180],
		[364, "U22_11", 1382.52, 494.37, "T", "DIP", "DIR", "", "C", 60, 60, 36, 180],
		[365, "U22_11", 1382.52, 494.37, "B", "DIP", "DIR", "", "C", 60, 60, 36, 180],
		[366, "U22_12", 1382.52, 415.63, "T", "DIP", "STEP", "", "C", 60, 60, 36, 180],
		[367, "U22_12", 1382.52, 415.63, "B", "DIP", "STEP", "", "C", 60, 60, 36, 180],
		[368, "U22_13", 1461.26, 494.37, "T", "DIP", "THERMISTOR+", "", "C", 60, 60, 36, 180],
		[369, "U22_13", 1461.26, 494.37, "B", "DIP", "THERMISTOR+", "", "C", 60, 60, 36, 180],
		[370, "U22_14", 1461.26, 415.63, "T", "DIP", "THERMISTOR-", "", "C", 60, 60, 36, 180],
		[371, "U22_14", 1461.26, 415.63, "B", "DIP", "THERMISTOR-", "", "C", 60, 60, 36, 180],
		[372, "U22_15", 1540, 494.37, "T", "DIP", "ODRV5V", "", "C", 60, 60, 36, 180],
		[373, "U22_15", 1540, 494.37, "B", "DIP", "ODRV5V", "", "C", 60, 60, 36, 180],
		[374, "U22_16", 1540, 415.63, "T", "DIP", "ODRVGND", "", "C", 60, 60, 36, 180],
		[375, "U22_16", 1540, 415.63, "B", "DIP", "ODRVGND", "", "C", 60, 60, 36, 180],
		[376, "U22_17", 1618.74, 494.37, "T", "DIP", "ENCO_A", "", "C", 60, 60, 36, 180],
		[377, "U22_17", 1618.74, 494.37, "B", "DIP", "ENCO_A", "", "C", 60, 60, 36, 180],
		[378, "U22_18", 1618.74, 415.63, "T", "DIP", "ENCO_B", "", "C", 60, 60, 36, 180],
		[379, "U22_18", 1618.74, 415.63, "B", "DIP", "ENCO_B", "", "C", 60, 60, 36, 180],
		[380, "U22_19", 1697.48, 494.37, "T", "DIP", "HALL_C", "", "C", 60, 60, 36, 180],
		[381, "U22_19", 1697.48, 494.37, "B", "DIP", "HALL_C", "", "C", 60, 60, 36, 180],
		[382, "U22_20", 1697.48, 415.63, "T", "DIP", "ENCO_Z", "", "C", 60, 60, 36, 180],
		[383, "U22_20", 1697.48, 415.63, "B", "DIP", "ENCO_Z", "", "C", 60, 60, 36, 180],
		[384, "U22_21", 1776.22, 494.37, "T", "DIP", "HALL_A", "", "C", 60, 60, 36, 180],
		[385, "U22_21", 1776.22, 494.37, "B", "DIP", "HALL_A", "", "C", 60, 60, 36, 180],
		[386, "U22_22", 1776.22, 415.63, "T", "DIP", "HALL_B", "", "C", 60, 60, 36, 180],
		[387, "U22_22", 1776.22, 415.63, "B", "DIP", "HALL_B", "", "C", 60, 60, 36, 180],
		[388, "U22_23", 1854.96, 494.37, "T", "DIP", "RS_485A", "", "C", 60, 60, 36, 180],
		[389, "U22_23", 1854.96, 494.37, "B", "DIP", "RS_485A", "", "C", 60, 60, 36, 180],
		[390, "U22_24", 1854.96, 415.63, "T", "DIP", "RS_485B", "", "C", 60, 60, 36, 180],
		[391, "U22_24", 1854.96, 415.63, "B", "DIP", "RS_485B", "", "C", 60, 60, 36, 180],
		[392, "U22_25", 1933.7, 494.37, "T", "DIP", "ODRV5V_2", "", "C", 60, 60, 36, 180],
		[393, "U22_25", 1933.7, 494.37, "B", "DIP", "ODRV5V_2", "", "C", 60, 60, 36, 180],
		[394, "U22_26", 1933.7, 415.63, "T", "DIP", "ODRVGND_2", "", "C", 60, 60, 36, 180],
		[395, "U22_26", 1933.7, 415.63, "B", "DIP", "ODRVGND_2", "", "C", 60, 60, 36, 180],
		[396, "U22_27", 2012.44, 494.37, "T", "DIP", "ODRVSPI_MOSI", "", "C", 60, 60, 36, 180],
		[397, "U22_27", 2012.44, 494.37, "B", "DIP", "ODRVSPI_MOSI", "", "C", 60, 60, 36, 180],
		[398, "U22_28", 2012.44, 415.63, "T", "DIP", "ODRVSPI_MISO", "", "C", 60, 60, 36, 180],
		[399, "U22_28", 2012.44, 415.63, "B", "DIP", "ODRVSPI_MISO", "", "C", 60, 60, 36, 180],
		[400, "U22_29", 2091.18, 494.37, "T", "DIP", "ODRVSPI_SCK", "", "C", 60, 60, 36, 180],
		[401, "U22_29", 2091.18, 494.37, "B", "DIP", "ODRVSPI_SCK", "", "C", 60, 60, 36, 180],
		[402, "U22_30", 2091.18, 415.63, "T", "DIP", "ODRVSPI_CS", "", "C", 60, 60, 36, 180],
		[403, "U22_30", 2091.18, 415.63, "B", "DIP", "ODRVSPI_CS", "", "C", 60, 60, 36, 180],
		[404, "U24_1", 2570, 496.89, "T", "SMD", "$6N36578", "", "O", 23.62, 62.99, 0, 0],
		[405, "U24_2", 2620, 496.89, "T", "SMD", "POE+", "", "O", 23.62, 62.99, 0, 0],
		[406, "U24_3", 2670, 496.89, "T", "SMD", "CDB", "", "O", 23.62, 62.99, 0, 0],
		[407, "U24_4", 2720, 496.89, "T", "SMD", "$6N36570", "", "O", 23.62, 62.99, 0, 0],
		[408, "U24_5", 2720, 733.11, "T", "SMD", "$6N36573", "", "O", 23.62, 62.99, 0, 0],
		[409, "U24_6", 2670, 733.11, "T", "SMD", "$6N36571", "", "O", 23.62, 62.99, 0, 0],
		[410, "U24_7", 2620, 733.11, "T", "SMD", "AGND", "", "O", 23.62, 62.99, 0, 0],
		[411, "U24_8", 2570, 733.11, "T", "SMD", "$6N36572", "", "O", 23.62, 62.99, 0, 0],
		[412, "U24_9", 2645, 615, "T", "SMD", "AGND", "", "R", 125.98, 98.42, 0, 0],
		[413, "U25_1", 959.43, 684.37, "T", "SMD", "+33V", "", "R", 11.42, 25.59, 0, 270],
		[414, "U25_2", 959.43, 664.68, "T", "SMD", "+33V", "", "R", 11.42, 25.59, 0, 270],
		[415, "U25_3", 959.43, 645, "T", "SMD", "+33V", "", "R", 11.42, 25.59, 0, 270],
		[416, "U25_4", 959.43, 625.31, "T", "SMD", "AGND", "", "R", 11.42, 25.59, 0, 270],
		[417, "U25_5", 959.43, 605.63, "T", "SMD", "U25_5", "", "R", 11.42, 25.59, 0, 270],
		[418, "U25_6", 1070.57, 605.63, "T", "SMD", "U25_6", "", "R", 11.42, 25.59, 0, 270],
		[419, "U25_7", 1070.57, 625.31, "T", "SMD", "U25_7", "", "R", 11.42, 25.59, 0, 270],
		[420, "U25_8", 1070.57, 645, "T", "SMD", "+5V", "", "R", 11.42, 25.59, 0, 270],
		[421, "U25_9", 1070.57, 664.68, "T", "SMD", "+5V", "", "R", 11.42, 25.59, 0, 270],
		[422, "U25_10", 1070.57, 684.37, "T", "SMD", "+5V", "", "R", 11.42, 25.59, 0, 270],
		[423, "U25_11", 1015, 645, "T", "SMD", "AGND", "", "R", 92.52, 62.2, 0, 270],
		[424, "U26_1", 2720, 859.66, "T", "SMD", "AGND", "", "R", 31.75, 34.02, 0, 270],
		[425, "U26_2", 2720, 800.34, "T", "SMD", "$6N36573", "", "R", 31.75, 34.02, 0, 270],
		[426, "USB1_25", 427.55, 282.84, "T", "DIP", "AGND", "", "O", 39.37, 62.99, 43.31, 270],
		[427, "USB1_25", 427.55, 282.84, "B", "DIP", "AGND", "", "O", 39.37, 62.99, 43.31, 270],
		[428, "USB1_26", 206.69, 282.83, "T", "DIP", "AGND", "", "O", 39.37, 70.87, 51.18, 270],
		[429, "USB1_26", 206.69, 282.83, "B", "DIP", "AGND", "", "O", 39.37, 70.87, 51.18, 270],
		[430, "USB1_27", 206.69, 637.16, "T", "DIP", "AGND", "", "O", 39.37, 70.87, 51.18, 270],
		[431, "USB1_27", 206.69, 637.16, "B", "DIP", "AGND", "", "O", 39.37, 70.87, 51.18, 270],
		[432, "USB1_28", 427.55, 637.17, "T", "DIP", "AGND", "", "O", 39.37, 62.99, 43.31, 270],
		[433, "USB1_28", 427.55, 637.17, "B", "DIP", "AGND", "", "O", 39.37, 62.99, 43.31, 270],
		[434, "USB1_A1", 443.31, 568.27, "T", "SMD", "AGND", "", "R", 11.81, 35.43, 0, 270],
		[435, "USB1_A10", 443.31, 391.11, "T", "SMD", "USB1_A10", "", "R", 11.81, 35.43, 0, 270],
		[436, "USB1_A11", 443.31, 371.42, "T", "SMD", "USB1_A11", "", "R", 11.81, 35.43, 0, 270],
		[437, "USB1_A12", 443.31, 351.73, "T", "SMD", "AGND", "", "R", 11.81, 35.43, 0, 270],
		[438, "USB1_A2", 443.31, 548.58, "T", "SMD", "USB1_A2", "", "R", 11.81, 35.43, 0, 270],
		[439, "USB1_A3", 443.31, 528.9, "T", "SMD", "USB1_A3", "", "R", 11.81, 35.43, 0, 270],
		[440, "USB1_A4", 443.31, 509.21, "T", "SMD", "USB1_A4", "", "R", 11.81, 35.43, 0, 270],
		[441, "USB1_A5", 443.31, 489.53, "T", "SMD", "$9N2658", "", "R", 11.81, 35.43, 0, 270],
		[442, "USB1_A6", 443.31, 469.84, "T", "SMD", "DP1", "", "R", 11.81, 35.43, 0, 270],
		[443, "USB1_A7", 443.31, 450.16, "T", "SMD", "DN1", "", "R", 11.81, 35.43, 0, 270],
		[444, "USB1_A8", 443.31, 430.47, "T", "SMD", "USB1_A8", "", "R", 11.81, 35.43, 0, 270],
		[445, "USB1_A9", 443.31, 410.79, "T", "SMD", "USB1_A9", "", "R", 11.81, 35.43, 0, 270],
		[446, "USB1_B1", 395.66, 339.92, "T", "DIP", "AGND", "", "O", 45.28, 23.62, 35.43, 270],
		[447, "USB1_B1", 395.66, 339.92, "B", "DIP", "AGND", "", "O", 45.28, 23.62, 35.43, 270],
		[448, "USB1_B10", 368.1, 523, "T", "DIP", "USB1_B10", "", "C", 23.62, 23.62, 15.75, 270],
		[449, "USB1_B10", 368.1, 523, "B", "DIP", "USB1_B10", "", "C", 23.62, 23.62, 15.75, 270],
		[450, "USB1_B11", 368.1, 554.49, "T", "DIP", "USB1_B11", "", "C", 23.62, 23.62, 15.75, 270],
		[451, "USB1_B11", 368.1, 554.49, "B", "DIP", "USB1_B11", "", "C", 23.62, 23.62, 15.75, 270],
		[452, "USB1_B12", 395.66, 580.08, "T", "DIP", "AGND", "", "O", 45.28, 23.62, 35.43, 270],
		[453, "USB1_B12", 395.66, 580.08, "B", "DIP", "AGND", "", "O", 45.28, 23.62, 35.43, 270],
		[454, "USB1_B2", 368.1, 365.52, "T", "DIP", "USB1_B2", "", "C", 23.62, 23.62, 15.75, 270],
		[455, "USB1_B2", 368.1, 365.52, "B", "DIP", "USB1_B2", "", "C", 23.62, 23.62, 15.75, 270],
		[456, "USB1_B3", 368.1, 397.01, "T", "DIP", "USB1_B3", "", "C", 23.62, 23.62, 15.75, 270],
		[457, "USB1_B3", 368.1, 397.01, "B", "DIP", "USB1_B3", "", "C", 23.62, 23.62, 15.75, 270],
		[458, "USB1_B4", 395.66, 412.76, "T", "DIP", "USB1_B4", "", "C", 23.62, 23.62, 15.75, 270],
		[459, "USB1_B4", 395.66, 412.76, "B", "DIP", "USB1_B4", "", "C", 23.62, 23.62, 15.75, 270],
		[460, "USB1_B5", 368.1, 428.51, "T", "DIP", "USB1_B5", "", "C", 23.62, 23.62, 15.75, 270],
		[461, "USB1_B5", 368.1, 428.51, "B", "DIP", "USB1_B5", "", "C", 23.62, 23.62, 15.75, 270],
		[462, "USB1_B6", 395.66, 444.25, "T", "DIP", "USB1_B6", "", "C", 23.62, 23.62, 15.75, 270],
		[463, "USB1_B6", 395.66, 444.25, "B", "DIP", "USB1_B6", "", "C", 23.62, 23.62, 15.75, 270],
		[464, "USB1_B7", 395.66, 475.75, "T", "DIP", "USB1_B7", "", "C", 23.62, 23.62, 15.75, 270],
		[465, "USB1_B7", 395.66, 475.75, "B", "DIP", "USB1_B7", "", "C", 23.62, 23.62, 15.75, 270],
		[466, "USB1_B8", 368.1, 491.5, "T", "DIP", "USB1_B8", "", "C", 23.62, 23.62, 15.75, 270],
		[467, "USB1_B8", 368.1, 491.5, "B", "DIP", "USB1_B8", "", "C", 23.62, 23.62, 15.75, 270],
		[468, "USB1_B9", 395.66, 507.25, "T", "DIP", "USB1_B9", "", "C", 23.62, 23.62, 15.75, 270],
		[469, "USB1_B9", 395.66, 507.25, "B", "DIP", "USB1_B9", "", "C", 23.62, 23.62, 15.75, 270],
		[470, "X1_1", 2850, 1095.75, "T", "SMD", "XTAL1", "", "R", 216.54, 51.18, 0, 270],
		[471, "X1_2", 2850, 1454.25, "T", "SMD", "XTAL2", "", "R", 216.54, 51.18, 0, 270]
	]
}
}