{
"lengthUnit": "mil",
"components": {
	"fields": ["COMPONENT_NO", "COMPONENT_NAME", "LAYER", "X_COORDINATE", "Y_COORDINATE", "ANGLE"],
	"rows": [
		[1, "C23", "T", 1762.81, 1405.85, 90],
		[2, "C25", "T", 2515, 1485, 90],
		[3, "C26", "T", 2225.69, 1340.24, 0],
		[4, "C28", "T", 475.4, 524.06, 270],
		[5, "C29", "T", 475.4, 350.81, 90],
		[6, "C30", "T", 477.65, 135.41, 270],
		[7, "C32", "T", 1555, 1890, 90],
		[8, "C33", "T", 1959.25, 1439.63, 0],
		[9, "C34", "T", 1235, 1085, 90],
		[10, "C45", "T", 2873.97, 1648.41, 0],
		[11, "C46", "T", 2873.97, 926.99, 180],
		[12, "C59", "T", 1418.25, 811.73, 180],
		[13, "C60", "T", 2082.35, 981.37, 0],
		[14, "C61", "T", 2106.27, 676.37, 90],
		[15, "C63", "T", 2887.35, 455, 90],
		[16, "C64", "T", 2800, 455, 90],
		[17, "C65", "T", 2460, 520, 270],
		[18, "C66", "T", 835, 715, 0],
		[19, "C67", "T", 1140, 620, 90],
		[20, "C68", "T", 2475, 229.99, 90],
		[21, "C69", "T", 2595, 230, 90],
		[22, "C70", "T", 2690, 230, 90],
		[23, "C71", "T", 2570, 385, 180],
		[24, "C72", "T", 1820, 1405, 90],
		[25, "C73", "T", 1835, 685, 90],
		[26, "C74", "T", 695.1, 52.34, 180],
		[27, "C75", "T", 597.61, 210.01, 270],
		[28, "C76", "T", 800, 210.01, 270],
		[29, "C77", "T", 869.22, 492.33, 270],
		[30, "CN1", "T", 2275, 315, 270],
		[31, "D31", "T", 1380, 1120, 180],
		[32, "D32", "T", 1576.86, 967.27, 180],
		[33, "D33", "T", 2845, 666.37, 270],
		[34, "D34", "T", 1780, 950, 180],
		[35, "D35", "T", 655, 745, 0],
		[36, "L2", "T", 2357.3, 752.13, 0],
		[37, "LED5", "T", 1945, 770, 90],
		[38, "LED6", "T", 2005, 770, 90],
		[39, "LED7", "T", 1885, 855, 270],
		[40, "R33", "T", 1550, 1495, 90],
		[41, "R34", "T", 1813.04, 1077.26, 0],
		[42, "R36", "T", 2145, 1135, 0],
		[43, "R38", "T", 2064.25, 1844.88, 90],
		[44, "R39", "T", 2194.25, 1846.98, 90],
		[45, "R40", "T", 2325, 1845, 90],
		[46, "R45", "T", 1668.87, 625, 0],
		[47, "R50", "T", 1998.76, 1103.94, 0],
		[48, "R52", "T", 2662.16, 821.37, 90],
		[49, "R53", "T", 2719.36, 394.4, 90],
		[50, "R54", "T", 467, 670, 0],
		[51, "R55", "T", 285, 96.46, 270],
		[52, "R60", "T", 1590, 1400, 0],
		[53, "R61", "T", 1446.59, 1434.56, 270],
		[54, "R63", "T", 373.35, 129.95, 270],
		[55, "R67", "T", 1941.14, 664.38, 90],
		[56, "R68", "T", 2005, 664.38, 90],
		[57, "RJ1", "T", 445.86, 1415.99, 270],
		[58, "RN1", "T", 750, 1115, 180],
		[59, "SW1", "T", 2255, 1530, 180],
		[60, "U2", "T", 1045, 1580, 90],
		[61, "U3", "T", 2435, 1150, 0],
		[62, "U6", "T", 2070, 1365, 0],
		[63, "U12", "T", 1740, 1665, 270],
		[64, "U14", "T", 1505, 1335, 90],
		[65, "U17", "T", 1431.2, 656.73, 90],
		[66, "U20", "T", 300, 875, 0],
		[67, "U21", "T", 1685, 735, 180],
		[68, "U22", "T", 1540, 455, 0],
		[69, "U24", "T", 2645, 615, 0],
		[70, "U25", "T", 1015, 645, 270],
		[71, "U26", "T", 2720, 830, 270],
		[72, "U27", "T", 2545, 1835, 180],
		[73, "U28", "T", 366.13, 1814.15, 180],
		[74, "U29", "T", 556.77, 1814.15, 180],
		[75, "U31", "T", 685, 480, 90],
		[76, "U32", "T", 1035, 965, 270],
		[77, "U33", "T", 1825, 849.36, 270],
		[78, "USB1", "T", 275, 465, 270],
		[79, "X1", "T", 2850, 1275, 90],
		[80, "X2", "T", 1826.19, 1245.11, 0],
		[81, "X3", "T", 698.84, 179.98, 0]
	]
},
"pins": {
	"fields": ["PIN_NO", "PIN_NAME", "PIN_X", "PIN_Y", "LAYER", "PIN_TYPE", "NET_NAME", "NET_TYPE", "PAD_SHAPE", "PAD_SIZEX", "PAD_SIZEY", "HOLE_SIZE", "PAD_ANGLE"],
	"rows": [
		[1, "C23_1", 1762.81, 1378.29, "T", "SMD", "AGND", "", "R", 31.5, 35.43, 0, 90],
		[2, "C23_2", 1762.81, 1433.41, "T", "SMD", "$8N818", "", "R", 31.5, 35.43, 0, 90],
		[3, "C25_1", 2515, 1445.63, "T", "SMD", "+5V", "", "R", 55.51, 53.15, 0, 90],
		[4, "C25_2", 2515, 1524.37, "T", "SMD", "AGND", "", "R", 55.51, 53.15, 0, 90],
		[5, "C26_1", 2186.32, 1340.24, "T", "SMD", "AGND", "", "R", 55.51, 53.15, 0, 0],
		[6, "C26_2", 2265.06, 1340.24, "T", "SMD", "$9N2639", "", "R", 55.51, 53.15, 0, 0],
		[7, "C28_1", 475.4, 563.43, "T", "SMD", "AGND", "", "R", 55.51, 53.15, 0, 270],
		[8, "C28_2", 475.4, 484.69, "T", "SMD", "DP1", "", "R", 55.51, 53.15, 0, 270],
		[9, "C29_1", 475.4, 311.44, "T", "SMD", "AGND", "", "R", 55.51, 53.15, 0, 90],
		[10, "C29_2", 475.4, 390.18, "T", "SMD", "DN1", "", "R", 55.51, 53.15, 0, 90],
		[11, "C30_1", 477.65, 174.78, "T", "SMD", "+5V", "", "R", 55.51, 53.15, 0, 270],
		[12, "C30_2", 477.65, 96.04, "T", "SMD", "AGND", "", "R", 55.51, 53.15, 0, 270],
		[13, "C32_1", 1555, 1850.63, "T", "SMD", "+33V", "", "R", 55.51, 53.15, 0, 90],
		[14, "C32_2", 1555, 1929.37, "T", "SMD", "AGND", "", "R", 55.51, 53.15, 0, 90],
		[15, "C33_1", 1919.88, 1439.63, "T", "SMD", "+33V", "", "R", 55.51, 53.15, 0, 0],
		[16, "C33_2", 1998.62, 1439.63, "T", "SMD", "AGND", "", "R", 55.51, 53.15, 0, 0],
		[17, "C34_1", 1235, 1045.63, "T", "SMD", "AGND", "", "R", 55.51, 53.15, 0, 90],
		[18, "C34_2", 1235, 1124.37, "T", "SMD", "+5V", "", "R", 55.51, 53.15, 0, 90],
		[19, "C45_1", 2852.51, 1648.41, "T", "SMD", "XTAL2", "", "R", 31.11, 21.26, 0, 0],
		[20, "C45_2", 2895.43, 1648.41, "T", "SMD", "AGND", "", "R", 31.11, 21.26, 0, 0],
		[21, "C46_1", 2895.43, 926.99, "T", "SMD", "AGND", "", "R", 31.11, 21.26, 0, 180],
		[22, "C46_2", 2852.51, 926.99, "T", "SMD", "XTAL1", "", "R", 31.11, 21.26, 0, 180],
		[23, "C59_1", 1457.62, 811.73, "T", "SMD", "POE+", "", "R", 55.51, 53.15, 0, 180],
		[24, "C59_2", 1378.88, 811.73, "T", "SMD", "POE-", "", "R", 55.51, 53.15, 0, 180],
		[25, "C60_1", 2022.61, 981.37, "T", "SMD", "AGND", "", "R", 64.37, 106.3, 0, 0],
		[26, "C60_2", 2142.09, 981.37, "T", "SMD", "+5V", "", "R", 64.37, 106.3, 0, 0],
		[27, "C61_1", 2106.27, 616.63, "T", "SMD", "AGND", "", "R", 64.37, 106.3, 0, 90],
		[28, "C61_2", 2106.27, 736.11, "T", "SMD", "+5V", "", "R", 64.37, 106.3, 0, 90],
		[29, "C63_1", 2887.35, 415.63, "T", "SMD", "AGND", "", "R", 55.51, 53.15, 0, 90],
		[30, "C63_2", 2887.35, 494.37, "T", "SMD", "$6N40771", "", "R", 55.51, 53.15, 0, 90],
		[31, "C64_1", 2800, 415.63, "T", "SMD", "AGND", "", "R", 55.51, 53.15, 0, 90],
		[32, "C64_2", 2800, 494.37, "T", "SMD", "$6N40771", "", "R", 55.51, 53.15, 0, 90],
		[33, "C65_1", 2460, 559.37, "T", "SMD", "$6N40772", "", "R", 55.51, 53.15, 0, 270],
		[34, "C65_2", 2460, 480.63, "T", "SMD", "$6N40777", "", "R", 55.51, 53.15, 0, 270],
		[35, "C66_1", 807.44, 715, "T", "SMD", "AGND", "", "R", 31.5, 35.43, 0, 0],
		[36, "C66_2", 862.56, 715, "T", "SMD", "+33V", "", "R", 31.5, 35.43, 0, 0],
		[37, "C67_1", 1140, 592.44, "T", "SMD", "AGND", "", "R", 31.5, 35.43, 0, 90],
		[38, "C67_2", 1140, 647.56, "T", "SMD", "+5V", "", "R", 31.5, 35.43, 0, 90],
		[39, "C68_1", 2475, 170.25, "T", "SMD", "AGND", "", "R", 64.37, 106.3, 0, 90],
		[40, "C68_2", 2475, 289.73, "T", "SMD", "POE+", "", "R", 64.37, 106.3, 0, 90],
		[41, "C69_1", 2595, 167.3, "T", "SMD", "AGND", "", "R", 58.47, 68.03, 0, 90],
		[42, "C69_2", 2595, 292.7, "T", "SMD", "POE+", "", "R", 58.47, 68.03, 0, 90],
		[43, "C70_1", 2690, 167.3, "T", "SMD", "AGND", "", "R", 58.47, 68.03, 0, 90],
		[44, "C70_2", 2690, 292.7, "T", "SMD", "POE+", "", "R", 58.47, 68.03, 0, 90],
		[45, "C71_1", 2597.56, 385, "T", "SMD", "AGND", "", "R", 31.5, 35.43, 0, 180],
		[46, "C71_2", 2542.44, 385, "T", "SMD", "POE+", "", "R", 31.5, 35.43, 0, 180],
		[47, "C72_1", 1820, 1383.54, "T", "SMD", "AGND", "", "R", 31.11, 21.26, 0, 90],
		[48, "C72_2", 1820, 1426.46, "T", "SMD", "$8N822", "", "R", 31.11, 21.26, 0, 90],
		[49, "C73_1", 1835, 625.26, "T", "SMD", "AGND", "", "R", 64.37, 106.3, 0, 90],
		[50, "C73_2", 1835, 744.74, "T", "SMD", "POE+", "", "R", 64.37, 106.3, 0, 90],
		[51, "C74_1", 734.47, 52.33, "T", "SMD", "RST", "", "R", 55.51, 53.15, 0, 180],
		[52, "C74_2", 655.73, 52.34, "T", "SMD", "$9N12898", "", "R", 55.51, 53.15, 0, 180],
		[53, "C75_1", 597.61, 217.69, "T", "SMD", "AGND", "", "R", 8.27, 8.66, 0, 270],
		[54, "C75_2", 597.61, 202.33, "T", "SMD", "$9N13149", "", "R", 8.27, 8.66, 0, 270],
		[55, "C76_1", 800, 217.69, "T", "SMD", "AGND", "", "R", 8.27, 8.66, 0, 270],
		[56, "C76_2", 800, 202.33, "T", "SMD", "$9N13153", "", "R", 8.27, 8.66, 0, 270],
		[57, "C77_1", 869.22, 513.79, "T", "SMD", "AGND", "", "R", 31.11, 21.26, 0, 270],
		[58, "C77_2", 869.22, 470.88, "T", "SMD", "$9N4435", "", "R", 31.11, 21.26, 0, 270],
		[59, "CN1_1", 2275, 118.15, "T", "DIP", "AGND", "", "C", 62.99, 62.99, 39.37, 90],
		[60, "CN1_1", 2275, 118.15, "B", "DIP", "AGND", "", "C", 62.99, 62.99, 39.37, 90],
		[61, "CN1_2", 2275, 196.89, "T", "DIP", "HALL_C", "", "C", 62.99, 62.99, 39.37, 90],
		[62, "CN1_2", 2275, 196.89, "B", "DIP", "HALL_C", "", "C", 62.99, 62.99, 39.37, 90],
		[63, "CN1_3", 2275, 275.63, "T", "DIP", "HALL_B", "", "C", 62.99, 62.99, 39.37, 90],
		[64, "CN1_3", 2275, 275.63, "B", "DIP", "HALL_B", "", "C", 62.99, 62.99, 39.37, 90],
		[65, "CN1_4", 2275, 354.37, "T", "DIP", "HALL_A", "", "C", 62.99, 62.99, 39.37, 90],
		[66, "CN1_4", 2275, 354.37, "B", "DIP", "HALL_A", "", "C", 62.99, 62.99, 39.37, 90],
		[67, "CN1_5", 2275, 433.11, "T", "DIP", "THERMISTOR+", "", "C", 62.99, 62.99, 39.37, 90],
		[68, "CN1_5", 2275, 433.11, "B", "DIP", "THERMISTOR+", "", "C", 62.99, 62.99, 39.37, 90],
		[69, "CN1_6", 2275, 511.85, "T", "DIP", "ODRV5V", "", "C", 62.99, 62.99, 39.37, 90],
		[70, "CN1_6", 2275, 511.85, "B", "DIP", "ODRV5V", "", "C", 62.99, 62.99, 39.37, 90],
		[71, "D31_1", 1429.22, 1232.11, "T", "SMD", "$6N40746", "", "R", 35.83, 98.23, 0, 180],
		[72, "D31_2", 1330.78, 1232.11, "T", "SMD", "$6N40745", "", "R", 35.83, 98.23, 0, 180],
		[73, "D31_3", 1330.78, 1007.89, "T", "SMD", "POE+", "", "R", 35.83, 98.23, 0, 180],
		[74, "D31_4", 1429.22, 1007.89, "T", "SMD", "POE-", "", "R", 35.83, 98.23, 0, 180],
		[75, "D32_1", 1626.08, 1079.38, "T", "SMD", "$6N40747", "", "R", 35.83, 98.23, 0, 180],
		[76, "D32_2", 1527.64, 1079.38, "T", "SMD", "$6N40762", "", "R", 35.83, 98.23, 0, 180],
		[77, "D32_3", 1527.64, 855.16, "T", "SMD", "POE+", "", "R", 35.83, 98.23, 0, 180],
		[78, "D32_4", 1626.08, 855.16, "T", "SMD", "POE-", "", "R", 35.83, 98.23, 0, 180],
		[79, "D33_1", 2845, 752.69, "T", "SMD", "$6N40772", "", "R", 70.87, 66.93, 0, 270],
		[80, "D33_2", 2845, 580.05, "T", "SMD", "AGND", "", "R", 70.87, 66.93, 0, 270],
		[81, "D34_1", 1846.93, 950, "T", "SMD", "POE+", "", "R", 47.24, 37.4, 0, 180],
		[82, "D34_2", 1713.07, 950, "T", "SMD", "POE-", "", "R", 47.24, 37.4, 0, 180],
		[83, "D35_1", 588.07, 745, "T", "SMD", "+5V", "", "R", 47.24, 37.4, 0, 0],
		[84, "D35_2", 721.93, 745, "T", "SMD", "RST", "", "R", 47.24, 37.4, 0, 0],
		[85, "L2_1", 2480.45, 752.13, "T", "SMD", "$6N40772", "", "R", 95.43, 142.52, 0, 0],
		[86, "L2_2", 2234.15, 752.13, "T", "SMD", "+5V", "", "R", 95.43, 142.52, 0, 0],
		[87, "LED5_1", 1945, 734.56, "T", "SMD", "$6N49390", "", "R", 31.5, 27.56, 0, 90],
		[88, "LED5_2", 1945, 805.43, "T", "SMD", "+5V", "", "R", 31.5, 27.56, 0, 90],
		[89, "LED6_1", 2005, 734.56, "T", "SMD", "$6N49466", "", "R", 31.5, 27.56, 0, 90],
		[90, "LED6_2", 2005, 805.43, "T", "SMD", "+33V", "", "R", 31.5, 27.56, 0, 90],
		[91, "LED7_1", 1885, 890.44, "T", "SMD", "$6N43649", "", "R", 31.5, 27.56, 0, 270],
		[92, "LED7_2", 1885, 819.57, "T", "SMD", "$6N43810", "", "R", 31.5, 27.56, 0, 270],
		[93, "R33_1", 1550, 1477.96, "T", "SMD", "AGND", "", "R", 22.27, 21.26, 0, 90],
		[94, "R33_2", 1550, 1512.04, "T", "SMD", "$8N817", "", "R", 22.27, 21.26, 0, 90],
		[95, "R34_1", 1754.82, 1077.26, "T", "SMD", "$8N824", "", "R", 47.54, 66.97, 0, 0],
		[96, "R34_2", 1871.26, 1077.26, "T", "SMD", "$8N825", "", "R", 47.54, 66.97, 0, 0],
		[97, "R36_1", 2105.63, 1135, "T", "SMD", "+5V", "", "R", 44.59, 54.21, 0, 0],
		[98, "R36_2", 2184.37, 1135, "T", "SMD", "RST", "", "R", 44.59, 54.21, 0, 0],
		[99, "R38_1", 2064.25, 1805.51, "T", "SMD", "$8N1422", "", "R", 44.59, 54.21, 0, 90],
		[100, "R38_2", 2064.25, 1884.25, "T", "SMD", "+33V", "", "R", 44.59, 54.21, 0, 90],
		[101, "R39_1", 2194.25, 1807.61, "T", "SMD", "$8N1426", "", "R", 44.59, 54.21, 0, 90],
		[102, "R39_2", 2194.25, 1886.35, "T", "SMD", "+33V", "", "R", 44.59, 54.21, 0, 90],
		[103, "R40_1", 2325, 1805.63, "T", "SMD", "$8N1431", "", "R", 44.59, 54.21, 0, 90],
		[104, "R40_2", 2325, 1884.37, "T", "SMD", "+33V", "", "R", 44.59, 54.21, 0, 90],
		[105, "R45_1", 1639.21, 625, "T", "SMD", "$6N40753", "", "R", 31.75, 34.02, 0, 0],
		[106, "R45_2", 1698.53, 625, "T", "SMD", "POE+", "", "R", 31.75, 34.02, 0, 0],
		[107, "R50_1", 1959.39, 1103.94, "T", "SMD", "$8N831", "", "R", 44.59, 54.21, 0, 0],
		[108, "R50_2", 2038.13, 1103.94, "T", "SMD", "$8N825", "", "R", 44.59, 54.21, 0, 0],
		[109, "R52_1", 2662.16, 804.33, "T", "SMD", "$6N40773", "", "R", 22.27, 21.26, 0, 90],
		[110, "R52_2", 2662.16, 838.41, "T", "SMD", "+5V", "", "R", 22.27, 21.26, 0, 90],
		[111, "R53_1", 2719.36, 364.74, "T", "SMD", "AGND", "", "R", 31.75, 34.02, 0, 90],
		[112, "R53_2", 2719.36, 424.06, "T", "SMD", "$6N40770", "", "R", 31.75, 34.02, 0, 90],
		[113, "R54_1", 449.96, 670, "T", "SMD", "$9N2658", "", "R", 22.27, 21.26, 0, 0],
		[114, "R54_2", 484.04, 670, "T", "SMD", "AGND", "", "R", 22.27, 21.26, 0, 0],
		[115, "R55_1", 285, 113.5, "T", "SMD", "$9N10840", "", "R", 22.27, 21.26, 0, 270],
		[116, "R55_2", 285, 79.42, "T", "SMD", "AGND", "", "R", 22.27, 21.26, 0, 270],
		[117, "R60_1", 1550.63, 1400, "T", "SMD", "ETH2A", "", "R", 44.59, 54.21, 0, 0],
		[118, "R60_2", 1629.37, 1400, "T", "SMD", "+33V", "", "R", 44.59, 54.21, 0, 0],
		[119, "R61_1", 1446.59, 1473.93, "T", "SMD", "ETH2B", "", "R", 44.59, 54.21, 0, 270],
		[120, "R61_2", 1446.59, 1395.19, "T", "SMD", "+33V", "", "R", 44.59, 54.21, 0, 270],
		[121, "R63_1", 373.35, 169.32, "T", "SMD", "$9N12898", "", "R", 44.59, 54.21, 0, 270],
		[122, "R63_2", 373.35, 90.58, "T", "SMD", "AGND", "", "R", 44.59, 54.21, 0, 270],
		[123, "R67_1", 1941.14, 647.35, "T", "SMD", "AGND", "", "R", 22.27, 21.26, 0, 90],
		[124, "R67_2", 1941.14, 681.42, "T", "SMD", "$6N49390", "", "R", 22.27, 21.26, 0, 90],
		[125, "R68_1", 2005, 647.35, "T", "SMD", "AGND", "", "R", 22.27, 21.26, 0, 90],
		[126, "R68_2", 2005, 681.42, "T", "SMD", "$6N49466", "", "R", 22.27, 21.26, 0, 90],
		[127, "RJ1_1", 314.95, 1275.44, "T", "DIP", "RJ2A", "", "C", 62.99, 62.99, 47.24, 270],
		[128, "RJ1_1", 314.95, 1275.44, "B", "DIP", "RJ2A", "", "C", 62.99, 62.99, 47.24, 270],
		[129, "RJ1_2", 385.03, 1315.6, "T", "DIP", "RJ2B", "", "C", 62.99, 62.99, 47.24, 270],
		[130, "RJ1_2", 385.03, 1315.6, "B", "DIP", "RJ2B", "", "C", 62.99, 62.99, 47.24, 270],
		[131, "RJ1_3", 314.95, 1355.75, "T", "DIP", "RJ3A", "", "C", 62.99, 62.99, 47.24, 270],
		[132, "RJ1_3", 314.95, 1355.75, "B", "DIP", "RJ3A", "", "C", 62.99, 62.99, 47.24, 270],
		[133, "RJ1_4", 385.03, 1395.91, "T", "DIP", "RJ1A", "", "C", 62.99, 62.99, 47.24, 270],
		[134, "RJ1_4", 385.03, 1395.91, "B", "DIP", "RJ1A", "", "C", 62.99, 62.99, 47.24, 270],
		[135, "RJ1_5", 314.95, 1436.07, "T", "DIP", "RJ1B", "", "C", 62.99, 62.99, 47.24, 270],
		[136, "RJ1_5", 314.95, 1436.07, "B", "DIP", "RJ1B", "", "C", 62.99, 62.99, 47.24, 270],
		[137, "RJ1_6", 385.03, 1476.23, "T", "DIP", "RJ3B", "", "C", 62.99, 62.99, 47.24, 270],
		[138, "RJ1_6", 385.03, 1476.23, "B", "DIP", "RJ3B", "", "C", 62.99, 62.99, 47.24, 270],
		[139, "RJ1_7", 314.95, 1516.38, "T", "DIP", "RJ4A", "", "C", 62.99, 62.99, 47.24, 270],
		[140, "RJ1_7", 314.95, 1516.38, "B", "DIP", "RJ4A", "", "C", 62.99, 62.99, 47.24, 270],
		[141, "RJ1_8", 385.03, 1556.54, "T", "DIP", "RJ4B", "", "C", 62.99, 62.99, 47.24, 270],
		[142, "RJ1_8", 385.03, 1556.54, "B", "DIP", "RJ4B", "", "C", 62.99, 62.99, 47.24, 270],
		[143, "RJ1_9", 576.76, 1685.67, "T", "DIP", "+33V", "", "C", 62.99, 62.99, 47.24, 270],
		[144, "RJ1_9", 576.76, 1685.67, "B", "DIP", "+33V", "", "C", 62.99, 62.99, 47.24, 270],
		[145, "RJ1_10", 576.76, 1595.91, "T", "DIP", "$6N40759", "", "C", 62.99, 62.99, 47.24, 270],
		[146, "RJ1_10", 576.76, 1595.91, "B", "DIP", "$6N40759", "", "C", 62.99, 62.99, 47.24, 270],
		[147, "RJ1_11", 576.76, 1236.07, "T", "DIP", "+33V", "", "C", 62.99, 62.99, 47.24, 270],
		[148, "RJ1_11", 576.76, 1236.07, "B", "DIP", "+33V", "", "C", 62.99, 62.99, 47.24, 270],
		[149, "RJ1_12", 576.76, 1146.3, "T", "DIP", "$6N40758", "", "C", 62.99, 62.99, 47.24, 270],
		[150, "RJ1_12", 576.76, 1146.3, "B", "DIP", "$6N40758", "", "C", 62.99, 62.99, 47.24, 270],
		[151, "RN1_1", 818.9, 1147.79, "T", "SMD", "AGND", "", "R", 11.81, 27.56, 0, 180],
		[152, "RN1_2", 799.21, 1147.79, "T", "SMD", "AGND", "", "R", 11.81, 27.56, 0, 180],
		[153, "RN1_3", 779.53, 1147.79, "T", "SMD", "AGND", "", "R", 11.81, 27.56, 0, 180],
		[154, "RN1_4", 759.84, 1147.79, "T", "SMD", "AGND", "", "R", 11.81, 27.56, 0, 180],
		[155, "RN1_5", 740.16, 1147.79, "T", "SMD", "AGND", "", "R", 11.81, 27.56, 0, 180],
		[156, "RN1_6", 720.47, 1147.79, "T", "SMD", "AGND", "", "R", 11.81, 27.56, 0, 180],
		[157, "RN1_7", 700.79, 1147.79, "T", "SMD", "AGND", "", "R", 11.81, 27.56, 0, 180],
		[158, "RN1_8", 681.1, 1147.79, "T", "SMD", "AGND", "", "R", 11.81, 27.56, 0, 180],
		[159, "RN1_9", 681.1, 1082.21, "T", "SMD", "IP0", "", "R", 11.81, 27.56, 0, 180],
		[160, "RN1_10", 700.79, 1082.21, "T", "SMD", "IP1", "", "R", 11.81, 27.56, 0, 180],
		[161, "RN1_11", 720.47, 1082.21, "T", "SMD", "IP2", "", "R", 11.81, 27.56, 0, 180],
		[162, "RN1_12", 740.16, 1082.21, "T", "SMD", "IP3", "", "R", 11.81, 27.56, 0, 180],
		[163, "RN1_13", 759.84, 1082.21, "T", "SMD", "IP4", "", "R", 11.81, 27.56, 0, 180],
		[164, "RN1_14", 779.53, 1082.21, "T", "SMD", "IP5", "", "R", 11.81, 27.56, 0, 180],
		[165, "RN1_15", 799.21, 1082.21, "T", "SMD", "IP6", "", "R", 11.81, 27.56, 0, 180],
		[166, "RN1_16", 818.9, 1082.21, "T", "SMD", "IP7", "", "R", 11.81, 27.56, 0, 180],
		[167, "SW1_1", 2420.35, 1441.42, "T", "SMD", "AGND", "", "R", 74.8, 51.18, 0, 180],
		[168, "SW1_2", 2089.65, 1441.42, "T", "SMD", "SW1_2", "", "R", 74.8, 51.18, 0, 180],
		[169, "SW1_3", 2420.35, 1618.58, "T", "SMD", "SW1_3", "", "R", 74.8, 51.18, 0, 180],
		[170, "SW1_4", 2089.65, 1618.58, "T", "SMD", "RST", "", "R", 74.8, 51.18, 0, 180],
		[171, "U2_1", 1332.4, 1305, "T", "SMD", "U2_1", "", "R", 25.35, 102.36, 0, 90],
		[172, "U2_2", 1332.4, 1355, "T", "SMD", "ETH1A", "", "R", 25.35, 102.36, 0, 90],
		[173, "U2_3", 1332.4, 1405, "T", "SMD", "ETH1B", "", "R", 25.35, 102.36, 0, 90],
		[174, "U2_4", 1332.4, 1455, "T", "SMD", "U2_4", "", "R", 25.35, 102.36, 0, 90],
		[175, "U2_5", 1332.4, 1505, "T", "SMD", "ETH2A", "", "R", 25.35, 102.36, 0, 90],
		[176, "U2_6", 1332.4, 1555, "T", "SMD", "ETH2B", "", "R", 25.35, 102.36, 0, 90],
		[177, "U2_7", 1332.4, 1605, "T", "SMD", "U2_7", "", "R", 25.35, 102.36, 0, 90],
		[178, "U2_8", 1332.4, 1655, "T", "SMD", "ETH3A", "", "R", 25.35, 102.36, 0, 90],
		[179, "U2_9", 1332.4, 1705, "T", "SMD", "ETH3B", "", "R", 25.35, 102.36, 0, 90],
		[180, "U2_10", 1332.4, 1755, "T", "SMD", "U2_10", "", "R", 25.35, 102.36, 0, 90],
		[181, "U2_11", 1332.4, 1805, "T", "SMD", "ETH4A", "", "R", 25.35, 102.36, 0, 90],
		[182, "U2_12", 1332.4, 1855, "T", "SMD", "ETH4B", "", "R", 25.35, 102.36, 0, 90],
		[183, "U2_13", 757.6, 1855, "T", "SMD", "RJ4B", "", "R", 25.35, 102.36, 0, 90],
		[184, "U2_14", 757.6, 1805, "T", "SMD", "RJ4A", "", "R", 25.35, 102.36, 0, 90],
		[185, "U2_15", 757.6, 1755, "T", "SMD", "$6N40747", "", "R", 25.35, 102.36, 0, 90],
		[186, "U2_16", 757.6, 1705, "T", "SMD", "RJ3B", "", "R", 25.35, 102.36, 0, 90],
		[187, "U2_17", 757.6, 1655, "T", "SMD", "RJ3A", "", "R", 25.35, 102.36, 0, 90],
		[188, "U2_18", 757.6, 1605, "T", "SMD", "$6N40745", "", "R", 25.35, 102.36, 0, 90],
		[189, "U2_19", 757.6, 1555, "T", "SMD", "RJ2B", "", "R", 25.35, 102.36, 0, 90],
		[190, "U2_20", 757.6, 1505, "T", "SMD", "RJ2A", "", "R", 25.35, 102.36, 0, 90],
		[191, "U2_21", 757.6, 1455, "T", "SMD", "$6N40746", "", "R", 25.35, 102.36, 0, 90],
		[192, "U2_22", 757.6, 1405, "T", "SMD", "RJ1B", "", "R", 25.35, 102.36, 0, 90],
		[193, "U2_23", 757.6, 1355, "T", "SMD", "RJ1A", "", "R", 25.35, 102.36, 0, 90],
		[194, "U2_24", 757.6, 1305, "T", "SMD", "$6N40762", "", "R", 25.35, 102.36, 0, 90],
		[195, "U3_1", 2324.76, 978, "T", "SMD", "D3", "", "O", 17.72, 64.96, 0, 0],
		[196, "U3_2", 2356.26, 978, "T", "SMD", "D4", "", "O", 17.72, 64.96, 0, 0],
		[197, "U3_3", 2387.76, 978, "T", "SMD", "OCTCLK", "", "O", 17.72, 64.96, 0, 0],
		[198, "U3_4", 2419.25, 978, "T", "SMD", "+5V", "", "O", 17.72, 64.96, 0, 0],
		[199, "U3_5", 2450.75, 978, "T", "SMD", "AGND", "", "O", 17.72, 64.96, 0, 0],
		[200, "U3_6", 2482.24, 978, "T", "SMD", "OCTR", "", "O", 17.72, 64.96, 0, 0],
		[201, "U3_7", 2513.74, 978, "T", "SMD", "XTAL1", "", "O", 17.72, 64.96, 0, 0],
		[202, "U3_8", 2545.24, 978, "T", "SMD", "XTAL2", "", "O", 17.72, 64.96, 0, 0],
		[203, "U3_9", 2607.5, 1039.76, "T", "SMD", "D5", "", "O", 64.96, 17.72, 0, 0],
		[204, "U3_10", 2607.5, 1071.26, "T", "SMD", "D6", "", "O", 64.96, 17.72, 0, 0],
		[205, "U3_11", 2607.5, 1102.76, "T", "SMD", "D7", "", "O", 64.96, 17.72, 0, 0],
		[206, "U3_12", 2607.5, 1134.25, "T", "SMD", "D8", "", "O", 64.96, 17.72, 0, 0],
		[207, "U3_13", 2607.5, 1165.75, "T", "SMD", "D9", "", "O", 64.96, 17.72, 0, 0],
		[208, "U3_14", 2607.5, 1197.24, "T", "SMD", "W5500CS", "", "O", 64.96, 17.72, 0, 0],
		[209, "U3_15", 2607.5, 1228.74, "T", "SMD", "MOSI", "", "O", 64.96, 17.72, 0, 0],
		[210, "U3_16", 2607.5, 1260.24, "T", "SMD", "MISO", "", "O", 64.96, 17.72, 0, 0],
		[211, "U3_17", 2545.24, 1322, "T", "SMD", "SCLK", "", "O", 17.72, 64.96, 0, 0],
		[212, "U3_18", 2513.74, 1322, "T", "SMD", "+5V", "", "O", 17.72, 64.96, 0, 0],
		[213, "U3_19", 2482.24, 1322, "T", "SMD", "A6", "", "O", 17.72, 64.96, 0, 0],
		[214, "U3_20", 2450.75, 1322, "T", "SMD", "$9N2639", "", "O", 17.72, 64.96, 0, 0],
		[215, "U3_21", 2419.25, 1322, "T", "SMD", "AGND", "", "O", 17.72, 64.96, 0, 0],
		[216, "U3_22", 2387.76, 1322, "T", "SMD", "A7", "", "O", 17.72, 64.96, 0, 0],
		[217, "U3_23", 2356.26, 1322, "T", "SMD", "A0", "", "O", 17.72, 64.96, 0, 0],
		[218, "U3_24", 2324.76, 1322, "T", "SMD", "A1", "", "O", 17.72, 64.96, 0, 0],
		[219, "U3_25", 2262.5, 1260.24, "T", "SMD", "A2", "", "O", 64.96, 17.72, 0, 0],
		[220, "U3_26", 2262.5, 1228.74, "T", "SMD", "A3", "", "O", 64.96, 17.72, 0, 0],
		[221, "U3_27", 2262.5, 1197.24, "T", "SMD", "A4", "", "O", 64.96, 17.72, 0, 0],
		[222, "U3_28", 2262.5, 1165.75, "T", "SMD", "A5", "", "O", 64.96, 17.72, 0, 0],
		[223, "U3_29", 2262.5, 1134.25, "T", "SMD", "RST", "", "O", 64.96, 17.72, 0, 0],
		[224, "U3_30", 2262.5, 1102.76, "T", "SMD", "D0", "", "O", 64.96, 17.72, 0, 0],
		[225, "U3_31", 2262.5, 1071.26, "T", "SMD", "D1", "", "O", 64.96, 17.72, 0, 0],
		[226, "U3_32", 2262.5, 1039.76, "T", "SMD", "D2", "", "O", 64.96, 17.72, 0, 0],
		[227, "U6_1", 2059.2, 1365, "T", "SMD", "AGND", "", "R", 14.51, 12.76, 0, 0],
		[228, "U6_2", 2080.8, 1365, "T", "SMD", "$8N831", "", "R", 14.51, 12.76, 0, 0],
		[229, "U12_1", 1572.68, 1773.27, "T", "SMD", "ETH2B", "", "O", 10.63, 59.05, 0, 270],
		[230, "U12_2", 1572.68, 1753.58, "T", "SMD", "ETH2A", "", "O", 10.63, 59.05, 0, 270],
		[231, "U12_3", 1572.68, 1733.9, "T", "SMD", "AGND", "", "O", 10.63, 59.05, 0, 270],
		[232, "U12_4", 1572.68, 1714.21, "T", "SMD", "+33V", "", "O", 10.63, 59.05, 0, 270],
		[233, "U12_5", 1572.68, 1694.53, "T", "SMD", "ETH3B", "", "O", 10.63, 59.05, 0, 270],
		[234, "U12_6", 1572.68, 1674.84, "T", "SMD", "ETH3A", "", "O", 10.63, 59.05, 0, 270],
		[235, "U12_7", 1572.68, 1655.16, "T", "SMD", "U12_7", "", "O", 10.63, 59.05, 0, 270],
		[236, "U12_8", 1572.68, 1635.47, "T", "SMD", "+33V", "", "O", 10.63, 59.05, 0, 270],
		[237, "U12_9", 1572.68, 1615.79, "T", "SMD", "AGND", "", "O", 10.63, 59.05, 0, 270],
		[238, "U12_10", 1572.68, 1596.1, "T", "SMD", "$8N817", "", "O", 10.63, 59.05, 0, 270],
		[239, "U12_11", 1572.68, 1576.42, "T", "SMD", "+33V", "", "O", 10.63, 59.05, 0, 270],
		[240, "U12_12", 1572.68, 1556.73, "T", "SMD", "U12_12", "", "O", 10.63, 59.05, 0, 270],
		[241, "U12_13", 1631.73, 1497.68, "T", "SMD", "U12_13", "", "O", 59.05, 10.63, 0, 270],
		[242, "U12_14", 1651.42, 1497.68, "T", "SMD", "AGND", "", "O", 59.05, 10.63, 0, 270],
		[243, "U12_15", 1671.1, 1497.68, "T", "SMD", "+33V", "", "O", 59.05, 10.63, 0, 270],
		[244, "U12_16", 1690.79, 1497.68, "T", "SMD", "AGND", "", "O", 59.05, 10.63, 0, 270],
		[245, "U12_17", 1710.47, 1497.68, "T", "SMD", "+33V", "", "O", 59.05, 10.63, 0, 270],
		[246, "U12_18", 1730.16, 1497.68, "T", "SMD", "U12_18", "", "O", 59.05, 10.63, 0, 270],
		[247, "U12_19", 1749.84, 1497.68, "T", "SMD", "AGND", "", "O", 59.05, 10.63, 0, 270],
		[248, "U12_20", 1769.53, 1497.68, "T", "SMD", "$8N818", "", "O", 59.05, 10.63, 0, 270],
		[249, "U12_21", 1789.21, 1497.68, "T", "SMD", "+33V", "", "O", 59.05, 10.63, 0, 270],
		[250, "U12_22", 1808.9, 1497.68, "T", "SMD", "$8N822", "", "O", 59.05, 10.63, 0, 270],
		[251, "U12_23", 1828.58, 1497.68, "T", "SMD", "AGND", "", "O", 59.05, 10.63, 0, 270],
		[252, "U12_24", 1848.27, 1497.68, "T", "SMD", "U12_24", "", "O", 59.05, 10.63, 0, 270],
		[253, "U12_25", 1907.32, 1556.73, "T", "SMD", "LINKLED", "", "O", 10.63, 59.05, 0, 270],
		[254, "U12_26", 1907.32, 1576.42, "T", "SMD", "U12_26", "", "O", 10.63, 59.05, 0, 270],
		[255, "U12_27", 1907.32, 1596.1, "T", "SMD", "ACTLED", "", "O", 10.63, 59.05, 0, 270],
		[256, "U12_28", 1907.32, 1615.79, "T", "SMD", "+33V", "", "O", 10.63, 59.05, 0, 270],
		[257, "U12_29", 1907.32, 1635.47, "T", "SMD", "AGND", "", "O", 10.63, 59.05, 0, 270],
		[258, "U12_30", 1907.32, 1655.16, "T", "SMD", "$8N824", "", "O", 10.63, 59.05, 0, 270],
		[259, "U12_31", 1907.32, 1674.84, "T", "SMD", "$8N825", "", "O", 10.63, 59.05, 0, 270],
		[260, "U12_32", 1907.32, 1694.53, "T", "SMD", "W5500CS", "", "O", 10.63, 59.05, 0, 270],
		[261, "U12_33", 1907.32, 1714.21, "T", "SMD", "SCLK", "", "O", 10.63, 59.05, 0, 270],
		[262, "U12_34", 1907.32, 1733.9, "T", "SMD", "MISO", "", "O", 10.63, 59.05, 0, 270],
		[263, "U12_35", 1907.32, 1753.58, "T", "SMD", "MOSI", "", "O", 10.63, 59.05, 0, 270],
		[264, "U12_36", 1907.32, 1773.27, "T", "SMD", "W5500INT", "", "O", 10.63, 59.05, 0, 270],
		[265, "U12_37", 1848.27, 1832.32, "T", "SMD", "RST", "", "O", 59.05, 10.63, 0, 270],
		[266, "U12_38", 1828.58, 1832.32, "T", "SMD", "U12_38", "", "O", 59.05, 10.63, 0, 270],
		[267, "U12_39", 1808.9, 1832.32, "T", "SMD", "U12_39", "", "O", 59.05, 10.63, 0, 270],
		[268, "U12_40", 1789.21, 1832.32, "T", "SMD", "U12_40", "", "O", 59.05, 10.63, 0, 270],
		[269, "U12_41", 1769.53, 1832.32, "T", "SMD", "U12_41", "", "O", 59.05, 10.63, 0, 270],
		[270, "U12_42", 1749.84, 1832.32, "T", "SMD", "U12_42", "", "O", 59.05, 10.63, 0, 270],
		[271, "U12_43", 1730.16, 1832.32, "T", "SMD", "$8N1431", "", "O", 59.05, 10.63, 0, 270],
		[272, "U12_44", 1710.47, 1832.32, "T", "SMD", "$8N1426", "", "O", 59.05, 10.63, 0, 270],
		[273, "U12_45", 1690.79, 1832.32, "T", "SMD", "$8N1422", "", "O", 59.05, 10.63, 0, 270],
		[274, "U12_46", 1671.1, 1832.32, "T", "SMD", "U12_46", "", "O", 59.05, 10.63, 0, 270],
		[275, "U12_47", 1651.42, 1832.32, "T", "SMD", "U12_47", "", "O", 59.05, 10.63, 0, 270],
		[276, "U12_48", 1631.73, 1832.32, "T", "SMD", "AGND", "", "O", 59.05, 10.63, 0, 270],
		[277, "U14_1", 1505, 1324.2, "T", "SMD", "AGND", "", "R", 14.51, 12.76, 0, 90],
		[278, "U14_2", 1505, 1345.8, "T", "SMD", "$8N824", "", "R", 14.51, 12.76, 0, 90],
		[279, "U17_1", 1549.31, 581.73, "T", "SMD", "POE+", "", "O", 23.62, 62.99, 0, 90],
		[280, "U17_2", 1549.31, 631.73, "T", "SMD", "$6N40753", "", "O", 23.62, 62.99, 0, 90],
		[281, "U17_3", 1549.31, 681.73, "T", "SMD", "$6N40752", "", "O", 23.62, 62.99, 0, 90],
		[282, "U17_4", 1549.31, 731.73, "T", "SMD", "POE-", "", "O", 23.62, 62.99, 0, 90],
		[283, "U17_5", 1313.09, 731.73, "T", "SMD", "AGND", "", "O", 23.62, 62.99, 0, 90],
		[284, "U17_6", 1313.09, 681.73, "T", "SMD", "CDB", "", "O", 23.62, 62.99, 0, 90],
		[285, "U17_7", 1313.09, 631.73, "T", "SMD", "$6N43649", "", "O", 23.62, 62.99, 0, 90],
		[286, "U17_8", 1313.09, 581.73, "T", "SMD", "AGND", "", "O", 23.62, 62.99, 0, 90],
		[287, "U17_9", 1431.2, 656.73, "T", "SMD", "POE-", "", "R", 125.98, 98.42, 0, 90],
		[288, "U20_1", 125, 725, "T", "SMD", "IP0", "", "R", 29.92, 50, 0, 0],
		[289, "U20_2", 175, 725, "T", "SMD", "IP1", "", "R", 29.92, 50, 0, 0],
		[290, "U20_3", 225, 725, "T", "SMD", "IP2", "", "R", 29.92, 50, 0, 0],
		[291, "U20_4", 275, 725, "T", "SMD", "IP3", "", "R", 29.92, 50, 0, 0],
		[292, "U20_5", 325, 725, "T", "SMD", "IP4", "", "R", 29.92, 50, 0, 0],
		[293, "U20_6", 375, 725, "T", "SMD", "IP5", "", "R", 29.92, 50, 0, 0],
		[294, "U20_7", 425, 725, "T", "SMD", "IP6", "", "R", 29.92, 50, 0, 0],
		[295, "U20_8", 475, 725, "T", "SMD", "IP7", "", "R", 29.92, 50, 0, 0],
		[296, "U20_9", 475, 1025, "T", "SMD", "+5V", "", "R", 29.92, 50, 0, 0],
		[297, "U20_10", 425, 1025, "T", "SMD", "+5V", "", "R", 29.92, 50, 0, 0],
		[298, "U20_11", 375, 1025, "T", "SMD", "+5V", "", "R", 29.92, 50, 0, 0],
		[299, "U20_12", 325, 1025, "T", "SMD", "+5V", "", "R", 29.92, 50, 0, 0],
		[300, "U20_13", 275, 1025, "T", "SMD", "+5V", "", "R", 29.92, 50, 0, 0],
		[301, "U20_14", 225, 1025, "T", "SMD", "+5V", "", "R", 29.92, 50, 0, 0],
		[302, "U20_15", 175, 1025, "T", "SMD", "+5V", "", "R", 29.92, 50, 0, 0],
		[303, "U20_16", 125, 1025, "T", "SMD", "+5V", "", "R", 29.92, 50, 0, 0],
		[304, "U21_1", 1724.37, 735, "T", "SMD", "POE-", "", "R", 44.59, 54.21, 0, 180],
		[305, "U21_2", 1645.63, 735, "T", "SMD", "$6N40752", "", "R", 44.59, 54.21, 0, 180],
		[306, "U22_1", 988.82, 494.37, "T", "DIP", "CAN_H", "", "R", 60, 60, 36, 180],
		[307, "U22_1", 988.82, 494.37, "B", "DIP", "CAN_H", "", "R", 60, 60, 36, 180],
		[308, "U22_2", 988.82, 415.63, "T", "DIP", "CAN_L", "", "C", 60, 60, 36, 180],
		[309, "U22_2", 988.82, 415.63, "B", "DIP", "CAN_L", "", "C", 60, 60, 36, 180],
		[310, "U22_3", 1067.56, 494.37, "T", "DIP", "CAN_H2", "", "C", 60, 60, 36, 180],
		[311, "U22_3", 1067.56, 494.37, "B", "DIP", "CAN_H2", "", "C", 60, 60, 36, 180],
		[312, "U22_4", 1067.56, 415.63, "T", "DIP", "CAN_L2", "", "C", 60, 60, 36, 180],
		[313, "U22_4", 1067.56, 415.63, "B", "DIP", "CAN_L2", "", "C", 60, 60, 36, 180],
		[314, "U22_5", 1146.3, 494.37, "T", "DIP", "ODRV12IN", "", "C", 60, 60, 36, 180],
		[315, "U22_5", 1146.3, 494.37, "B", "DIP", "ODRV12IN", "", "C", 60, 60, 36, 180],
		[316, "U22_6", 1146.3, 415.63, "T", "DIP", "ODRV33V", "", "C", 60, 60, 36, 180],
		[317, "U22_6", 1146.3, 415.63, "B", "DIP", "ODRV33V", "", "C", 60, 60, 36, 180],
		[318, "U22_7", 1225.04, 494.37, "T", "DIP", "D8", "", "C", 60, 60, 36, 180],
		[319, "U22_7", 1225.04, 494.37, "B", "DIP", "D8", "", "C", 60, 60, 36, 180],
		[320, "U22_8", 1225.04, 415.63, "T", "DIP", "D7", "", "C", 60, 60, 36, 180],
		[321, "U22_8", 1225.04, 415.63, "B", "DIP", "D7", "", "C", 60, 60, 36, 180],
		[322, "U22_9", 1303.78, 494.37, "T", "DIP", "+5V", "", "C", 60, 60, 36, 180],
		[323, "U22_9", 1303.78, 494.37, "B", "DIP", "+5V", "", "C", 60, 60, 36, 180],
		[324, "U22_10", 1303.78, 415.63, "T", "DIP", "AGND", "", "C", 60, 60, 36, 180],
		[325, "U22_10", 1303.78, 415.63, "B", "DIP", "AGND", "", "C", 60, 60, 36, 180],
		[326, "U22_11", 1382.52, 494.37, "T", "DIP", "DIR", "", "C", 60, 60, 36, 180],
		[327, "U22_11", 1382.52, 494.37, "B", "DIP", "DIR", "", "C", 60, 60, 36, 180],
		[328, "U22_12", 1382.52, 415.63, "T", "DIP", "STEP", "", "C", 60, 60, 36, 180],
		[329, "U22_12", 1382.52, 415.63, "B", "DIP", "STEP", "", "C", 60, 60, 36, 180],
		[330, "U22_13", 1461.26, 494.37, "T", "DIP", "THERMISTOR+", "", "C", 60, 60, 36, 180],
		[331, "U22_13", 1461.26, 494.37, "B", "DIP", "THERMISTOR+", "", "C", 60, 60, 36, 180],
		[332, "U22_14", 1461.26, 415.63, "T", "DIP", "THERMISTOR-", "", "C", 60, 60, 36, 180],
		[333, "U22_14", 1461.26, 415.63, "B", "DIP", "THERMISTOR-", "", "C", 60, 60, 36, 180],
		[334, "U22_15", 1540, 494.37, "T", "DIP", "ODRV5V", "", "C", 60, 60, 36, 180],
		[335, "U22_15", 1540, 494.37, "B", "DIP", "ODRV5V", "", "C", 60, 60, 36, 180],
		[336, "U22_16", 1540, 415.63, "T", "DIP", "AGND", "", "C", 60, 60, 36, 180],
		[337, "U22_16", 1540, 415.63, "B", "DIP", "AGND", "", "C", 60, 60, 36, 180],
		[338, "U22_17", 1618.74, 494.37, "T", "DIP", "ENCO_A", "", "C", 60, 60, 36, 180],
		[339, "U22_17", 1618.74, 494.37, "B", "DIP", "ENCO_A", "", "C", 60, 60, 36, 180],
		[340, "U22_18", 1618.74, 415.63, "T", "DIP", "ENCO_B", "", "C", 60, 60, 36, 180],
		[341, "U22_18", 1618.74, 415.63, "B", "DIP", "ENCO_B", "", "C", 60, 60, 36, 180],
		[342, "U22_19", 1697.48, 494.37, "T", "DIP", "HALL_C", "", "C", 60, 60, 36, 180],
		[343, "U22_19", 1697.48, 494.37, "B", "DIP", "HALL_C", "", "C", 60, 60, 36, 180],
		[344, "U22_20", 1697.48, 415.63, "T", "DIP", "ENCO_Z", "", "C", 60, 60, 36, 180],
		[345, "U22_20", 1697.48, 415.63, "B", "DIP", "ENCO_Z", "", "C", 60, 60, 36, 180],
		[346, "U22_21", 1776.22, 494.37, "T", "DIP", "HALL_A", "", "C", 60, 60, 36, 180],
		[347, "U22_21", 1776.22, 494.37, "B", "DIP", "HALL_A", "", "C", 60, 60, 36, 180],
		[348, "U22_22", 1776.22, 415.63, "T", "DIP", "HALL_B", "", "C", 60, 60, 36, 180],
		[349, "U22_22", 1776.22, 415.63, "B", "DIP", "HALL_B", "", "C", 60, 60, 36, 180],
		[350, "U22_23", 1854.96, 494.37, "T", "DIP", "RS_485A", "", "C", 60, 60, 36, 180],
		[351, "U22_23", 1854.96, 494.37, "B", "DIP", "RS_485A", "", "C", 60, 60, 36, 180],
		[352, "U22_24", 1854.96, 415.63, "T", "DIP", "RS_485B", "", "C", 60, 60, 36, 180],
		[353, "U22_24", 1854.96, 415.63, "B", "DIP", "RS_485B", "", "C", 60, 60, 36, 180],
		[354, "U22_25", 1933.7, 494.37, "T", "DIP", "ODRV5V", "", "C", 60, 60, 36, 180],
		[355, "U22_25", 1933.7, 494.37, "B", "DIP", "ODRV5V", "", "C", 60, 60, 36, 180],
		[356, "U22_26", 1933.7, 415.63, "T", "DIP", "AGND", "", "C", 60, 60, 36, 180],
		[357, "U22_26", 1933.7, 415.63, "B", "DIP", "AGND", "", "C", 60, 60, 36, 180],
		[358, "U22_27", 2012.44, 494.37, "T", "DIP", "ODRVSPI_MOSI", "", "C", 60, 60, 36, 180],
		[359, "U22_27", 2012.44, 494.37, "B", "DIP", "ODRVSPI_MOSI", "", "C", 60, 60, 36, 180],
		[360, "U22_28", 2012.44, 415.63, "T", "DIP", "ODRVSPI_MISO", "", "C", 60, 60, 36, 180],
		[361, "U22_28", 2012.44, 415.63, "B", "DIP", "ODRVSPI_MISO", "", "C", 60, 60, 36, 180],
		[362, "U22_29", 2091.18, 494.37, "T", "DIP", "ODRVSPI_SCK", "", "C", 60, 60, 36, 180],
		[363, "U22_29", 2091.18, 494.37, "B", "DIP", "ODRVSPI_SCK", "", "C", 60, 60, 36, 180],
		[364, "U22_30", 2091.18, 415.63, "T", "DIP", "ODRVSPI_CS", "", "C", 60, 60, 36, 180],
		[365, "U22_30", 2091.18, 415.63, "B", "DIP", "ODRVSPI_CS", "", "C", 60, 60, 36, 180],
		[366, "U24_1", 2570, 496.89, "T", "SMD", "$6N40777", "", "O", 23.62, 62.99, 0, 0],
		[367, "U24_2", 2620, 496.89, "T", "SMD", "POE+", "", "O", 23.62, 62.99, 0, 0],
		[368, "U24_3", 2670, 496.89, "T", "SMD", "CDB", "", "O", 23.62, 62.99, 0, 0],
		[369, "U24_4", 2720, 496.89, "T", "SMD", "$6N40770", "", "O", 23.62, 62.99, 0, 0],
		[370, "U24_5", 2720, 733.11, "T", "SMD", "$6N40773", "", "O", 23.62, 62.99, 0, 0],
		[371, "U24_6", 2670, 733.11, "T", "SMD", "$6N40771", "", "O", 23.62, 62.99, 0, 0],
		[372, "U24_7", 2620, 733.11, "T", "SMD", "AGND", "", "O", 23.62, 62.99, 0, 0],
		[373, "U24_8", 2570, 733.11, "T", "SMD", "$6N40772", "", "O", 23.62, 62.99, 0, 0],
		[374, "U24_9", 2645, 615, "T", "SMD", "AGND", "", "R", 125.98, 98.42, 0, 0],
		[375, "U25_1", 959.43, 684.37, "T", "SMD", "+33V", "", "R", 11.42, 25.59, 0, 270],
		[376, "U25_2", 959.43, 664.68, "T", "SMD", "+33V", "", "R", 11.42, 25.59, 0, 270],
		[377, "U25_3", 959.43, 645, "T", "SMD", "+33V", "", "R", 11.42, 25.59, 0, 270],
		[378, "U25_4", 959.43, 625.31, "T", "SMD", "AGND", "", "R", 11.42, 25.59, 0, 270],
		[379, "U25_5", 959.43, 605.63, "T", "SMD", "U25_5", "", "R", 11.42, 25.59, 0, 270],
		[380, "U25_6", 1070.57, 605.63, "T", "SMD", "U25_6", "", "R", 11.42, 25.59, 0, 270],
		[381, "U25_7", 1070.57, 625.31, "T", "SMD", "U25_7", "", "R", 11.42, 25.59, 0, 270],
		[382, "U25_8", 1070.57, 645, "T", "SMD", "+5V", "", "R", 11.42, 25.59, 0, 270],
		[383, "U25_9", 1070.57, 664.68, "T", "SMD", "+5V", "", "R", 11.42, 25.59, 0, 270],
		[384, "U25_10", 1070.57, 684.37, "T", "SMD", "+5V", "", "R", 11.42, 25.59, 0, 270],
		[385, "U25_11", 1015, 645, "T", "SMD", "AGND", "", "R", 92.52, 62.2, 0, 270],
		[386, "U26_1", 2720, 859.66, "T", "SMD", "AGND", "", "R", 31.75, 34.02, 0, 270],
		[387, "U26_2", 2720, 800.34, "T", "SMD", "$6N40773", "", "R", 31.75, 34.02, 0, 270],
		[388, "U27_1", 2645, 1885, "T", "DIP", "MISO", "", "R", 70.87, 70.87, 41.34, 180],
		[389, "U27_1", 2645, 1885, "B", "DIP", "MISO", "", "R", 70.87, 70.87, 41.34, 180],
		[390, "U27_2", 2645, 1785, "T", "DIP", "+5V", "", "C", 70.87, 70.87, 41.34, 180],
		[391, "U27_2", 2645, 1785, "B", "DIP", "+5V", "", "C", 70.87, 70.87, 41.34, 180],
		[392, "U27_3", 2545, 1885, "T", "DIP", "SCLK", "", "C", 70.87, 70.87, 41.34, 180],
		[393, "U27_3", 2545, 1885, "B", "DIP", "SCLK", "", "C", 70.87, 70.87, 41.34, 180],
		[394, "U27_4", 2545, 1785, "T", "DIP", "MOSI", "", "C", 70.87, 70.87, 41.34, 180],
		[395, "U27_4", 2545, 1785, "B", "DIP", "MOSI", "", "C", 70.87, 70.87, 41.34, 180],
		[396, "U27_5", 2445, 1885, "T", "DIP", "RST", "", "C", 70.87, 70.87, 41.34, 180],
		[397, "U27_5", 2445, 1885, "B", "DIP", "RST", "", "C", 70.87, 70.87, 41.34, 180],
		[398, "U27_6", 2445, 1785, "T", "DIP", "AGND", "", "C", 70.87, 70.87, 41.34, 180],
		[399, "U27_6", 2445, 1785, "B", "DIP", "AGND", "", "C", 70.87, 70.87, 41.34, 180],
		[400, "U28_1", 405.5, 1814.15, "T", "SMD", "ACTLED", "", "R", 44.59, 54.21, 0, 180],
		[401, "U28_2", 326.76, 1814.15, "T", "SMD", "$6N40758", "", "R", 44.59, 54.21, 0, 180],
		[402, "U29_1", 596.14, 1814.15, "T", "SMD", "LINKLED", "", "R", 44.59, 54.21, 0, 180],
		[403, "U29_2", 517.4, 1814.15, "T", "SMD", "$6N40759", "", "R", 44.59, 54.21, 0, 180],
		[404, "U31_1", 792.7, 305, "T", "SMD", "AGND", "", "O", 23.7, 77.6, 0, 90],
		[405, "U31_2", 792.7, 355, "T", "SMD", "D1", "", "O", 23.7, 77.6, 0, 90],
		[406, "U31_3", 792.7, 405, "T", "SMD", "D0", "", "O", 23.7, 77.6, 0, 90],
		[407, "U31_4", 792.7, 455, "T", "SMD", "$9N4435", "", "O", 23.7, 77.6, 0, 90],
		[408, "U31_5", 792.7, 505, "T", "SMD", "DP1", "", "O", 23.7, 77.6, 0, 90],
		[409, "U31_6", 792.7, 555, "T", "SMD", "DN1", "", "O", 23.7, 77.6, 0, 90],
		[410, "U31_7", 792.7, 605, "T", "SMD", "$9N13149", "", "O", 23.7, 77.6, 0, 90],
		[411, "U31_8", 792.7, 655, "T", "SMD", "$9N13153", "", "O", 23.7, 77.6, 0, 90],
		[412, "U31_9", 577.3, 655, "T", "SMD", "U31_9", "", "O", 23.7, 77.6, 0, 90],
		[413, "U31_10", 577.3, 605, "T", "SMD", "U31_10", "", "O", 23.7, 77.6, 0, 90],
		[414, "U31_11", 577.3, 555, "T", "SMD", "U31_11", "", "O", 23.7, 77.6, 0, 90],
		[415, "U31_12", 577.3, 505, "T", "SMD", "U31_12", "", "O", 23.7, 77.6, 0, 90],
		[416, "U31_13", 577.3, 455, "T", "SMD", "$9N12898", "", "O", 23.7, 77.6, 0, 90],
		[417, "U31_14", 577.3, 405, "T", "SMD", "U31_14", "", "O", 23.7, 77.6, 0, 90],
		[418, "U31_15", 577.3, 355, "T", "SMD", "U31_15", "", "O", 23.7, 77.6, 0, 90],
		[419, "U31_16", 577.3, 305, "T", "SMD", "+5V", "", "O", 23.7, 77.6, 0, 90],
		[420, "U32_1", 925.98, 1140, "T", "SMD", "A6", "", "O", 22.6, 80.24, 0, 270],
		[421, "U32_2", 925.98, 1090, "T", "SMD", "OCTCLK", "", "O", 22.6, 80.24, 0, 270],
		[422, "U32_3", 925.98, 1040, "T", "SMD", "IP4", "", "O", 22.6, 80.24, 0, 270],
		[423, "U32_4", 925.98, 990, "T", "SMD", "IP5", "", "O", 22.6, 80.24, 0, 270],
		[424, "U32_5", 925.98, 940, "T", "SMD", "IP6", "", "O", 22.6, 80.24, 0, 270],
		[425, "U32_6", 925.98, 890, "T", "SMD", "IP7", "", "O", 22.6, 80.24, 0, 270],
		[426, "U32_7", 925.98, 840, "T", "SMD", "U32_7", "", "O", 22.6, 80.24, 0, 270],
		[427, "U32_8", 925.98, 790, "T", "SMD", "AGND", "", "O", 22.6, 80.24, 0, 270],
		[428, "U32_9", 1144.02, 790, "T", "SMD", "OCTR", "", "O", 22.6, 80.24, 0, 270],
		[429, "U32_10", 1144.02, 840, "T", "SMD", "AGND", "", "O", 22.6, 80.24, 0, 270],
		[430, "U32_11", 1144.02, 890, "T", "SMD", "IP0", "", "O", 22.6, 80.24, 0, 270],
		[431, "U32_12", 1144.02, 940, "T", "SMD", "IP1", "", "O", 22.6, 80.24, 0, 270],
		[432, "U32_13", 1144.02, 990, "T", "SMD", "IP2", "", "O", 22.6, 80.24, 0, 270],
		[433, "U32_14", 1144.02, 1040, "T", "SMD", "IP3", "", "O", 22.6, 80.24, 0, 270],
		[434, "U32_15", 1144.02, 1090, "T", "SMD", "AGND", "", "O", 22.6, 80.24, 0, 270],
		[435, "U32_16", 1144.02, 1140, "T", "SMD", "+5V", "", "O", 22.6, 80.24, 0, 270],
		[436, "U33_1", 1825, 879.02, "T", "SMD", "POE+", "", "R", 31.75, 34.02, 0, 270],
		[437, "U33_2", 1825, 819.7, "T", "SMD", "$6N43810", "", "R", 31.75, 34.02, 0, 270],
		[438, "USB1_25", 377.55, 287.84, "T", "DIP", "AGND", "", "O", 39.37, 62.99, 43.31, 270],
		[439, "USB1_25", 377.55, 287.84, "B", "DIP", "AGND", "", "O", 39.37, 62.99, 43.31, 270],
		[440, "USB1_26", 156.69, 287.83, "T", "DIP", "AGND", "", "O", 39.37, 70.87, 51.18, 270],
		[441, "USB1_26", 156.69, 287.83, "B", "DIP", "AGND", "", "O", 39.37, 70.87, 51.18, 270],
		[442, "USB1_27", 156.69, 642.16, "T", "DIP", "AGND", "", "O", 39.37, 70.87, 51.18, 270],
		[443, "USB1_27", 156.69, 642.16, "B", "DIP", "AGND", "", "O", 39.37, 70.87, 51.18, 270],
		[444, "USB1_28", 377.55, 642.17, "T", "DIP", "AGND", "", "O", 39.37, 62.99, 43.31, 270],
		[445, "USB1_28", 377.55, 642.17, "B", "DIP", "AGND", "", "O", 39.37, 62.99, 43.31, 270],
		[446, "USB1_A1", 393.31, 573.27, "T", "SMD", "AGND", "", "R", 11.81, 35.43, 0, 270],
		[447, "USB1_A10", 393.31, 396.11, "T", "SMD", "USB1_A10", "", "R", 11.81, 35.43, 0, 270],
		[448, "USB1_A11", 393.31, 376.42, "T", "SMD", "USB1_A11", "", "R", 11.81, 35.43, 0, 270],
		[449, "USB1_A12", 393.31, 356.73, "T", "SMD", "AGND", "", "R", 11.81, 35.43, 0, 270],
		[450, "USB1_A2", 393.31, 553.58, "T", "SMD", "USB1_A2", "", "R", 11.81, 35.43, 0, 270],
		[451, "USB1_A3", 393.31, 533.9, "T", "SMD", "USB1_A3", "", "R", 11.81, 35.43, 0, 270],
		[452, "USB1_A4", 393.31, 514.21, "T", "SMD", "USB1_A4", "", "R", 11.81, 35.43, 0, 270],
		[453, "USB1_A5", 393.31, 494.53, "T", "SMD", "$9N2658", "", "R", 11.81, 35.43, 0, 270],
		[454, "USB1_A6", 393.31, 474.84, "T", "SMD", "DP1", "", "R", 11.81, 35.43, 0, 270],
		[455, "USB1_A7", 393.31, 455.16, "T", "SMD", "DN1", "", "R", 11.81, 35.43, 0, 270],
		[456, "USB1_A8", 393.31, 435.47, "T", "SMD", "USB1_A8", "", "R", 11.81, 35.43, 0, 270],
		[457, "USB1_A9", 393.31, 415.79, "T", "SMD", "USB1_A9", "", "R", 11.81, 35.43, 0, 270],
		[458, "USB1_B1", 345.66, 344.92, "T", "DIP", "AGND", "", "O", 45.28, 23.62, 35.43, 270],
		[459, "USB1_B1", 345.66, 344.92, "B", "DIP", "AGND", "", "O", 45.28, 23.62, 35.43, 270],
		[460, "USB1_B10", 318.1, 528, "T", "DIP", "USB1_B10", "", "C", 23.62, 23.62, 15.75, 270],
		[461, "USB1_B10", 318.1, 528, "B", "DIP", "USB1_B10", "", "C", 23.62, 23.62, 15.75, 270],
		[462, "USB1_B11", 318.1, 559.49, "T", "DIP", "USB1_B11", "", "C", 23.62, 23.62, 15.75, 270],
		[463, "USB1_B11", 318.1, 559.49, "B", "DIP", "USB1_B11", "", "C", 23.62, 23.62, 15.75, 270],
		[464, "USB1_B12", 345.66, 585.08, "T", "DIP", "AGND", "", "O", 45.28, 23.62, 35.43, 270],
		[465, "USB1_B12", 345.66, 585.08, "B", "DIP", "AGND", "", "O", 45.28, 23.62, 35.43, 270],
		[466, "USB1_B2", 318.1, 370.52, "T", "DIP", "USB1_B2", "", "C", 23.62, 23.62, 15.75, 270],
		[467, "USB1_B2", 318.1, 370.52, "B", "DIP", "USB1_B2", "", "C", 23.62, 23.62, 15.75, 270],
		[468, "USB1_B3", 318.1, 402.01, "T", "DIP", "USB1_B3", "", "C", 23.62, 23.62, 15.75, 270],
		[469, "USB1_B3", 318.1, 402.01, "B", "DIP", "USB1_B3", "", "C", 23.62, 23.62, 15.75, 270],
		[470, "USB1_B4", 345.66, 417.76, "T", "DIP", "USB1_B4", "", "C", 23.62, 23.62, 15.75, 270],
		[471, "USB1_B4", 345.66, 417.76, "B", "DIP", "USB1_B4", "", "C", 23.62, 23.62, 15.75, 270],
		[472, "USB1_B5", 318.1, 433.51, "T", "DIP", "$9N10840", "", "C", 23.62, 23.62, 15.75, 270],
		[473, "USB1_B5", 318.1, 433.51, "B", "DIP", "$9N10840", "", "C", 23.62, 23.62, 15.75, 270],
		[474, "USB1_B6", 345.66, 449.25, "T", "DIP", "DP1", "", "C", 23.62, 23.62, 15.75, 270],
		[475, "USB1_B6", 345.66, 449.25, "B", "DIP", "DP1", "", "C", 23.62, 23.62, 15.75, 270],
		[476, "USB1_B7", 345.66, 480.75, "T", "DIP", "DN1", "", "C", 23.62, 23.62, 15.75, 270],
		[477, "USB1_B7", 345.66, 480.75, "B", "DIP", "DN1", "", "C", 23.62, 23.62, 15.75, 270],
		[478, "USB1_B8", 318.1, 496.5, "T", "DIP", "USB1_B8", "", "C", 23.62, 23.62, 15.75, 270],
		[479, "USB1_B8", 318.1, 496.5, "B", "DIP", "USB1_B8", "", "C", 23.62, 23.62, 15.75, 270],
		[480, "USB1_B9", 345.66, 512.25, "T", "DIP", "USB1_B9", "", "C", 23.62, 23.62, 15.75, 270],
		[481, "USB1_B9", 345.66, 512.25, "B", "DIP", "USB1_B9", "", "C", 23.62, 23.62, 15.75, 270],
		[482, "X1_1", 2850, 1095.75, "T", "SMD", "XTAL1", "", "R", 216.54, 51.18, 0, 270],
		[483, "X1_2", 2850, 1454.25, "T", "SMD", "XTAL2", "", "R", 216.54, 51.18, 0, 270],
		[484, "X2_1", 1646.94, 1245.11, "T", "SMD", "$8N824", "", "R", 216.54, 51.18, 0, 180],
		[485, "X2_2", 2005.44, 1245.11, "T", "SMD", "$8N831", "", "R", 216.54, 51.18, 0, 180],
		[486, "X3_1", 655.53, 146.52, "T", "SMD", "$9N13149", "", "R", 55.12, 47.24, 0, 0],
		[487, "X3_2", 742.15, 146.52, "T", "SMD", "AGND", "", "R", 55.12, 47.24, 0, 0],
		[488, "X3_3", 742.15, 213.45, "T", "SMD", "$9N13153", "", "R", 55.12, 47.24, 0, 0],
		[489, "X3_4", 655.53, 213.45, "T", "SMD", "AGND", "", "R", 55.12, 47.24, 0, 0]
	]
}
}